site_brom.id,site.x,trt.name,mu.scalar,k.scalar,intended.mu,intended.k,temporal.block,maxvol,leaf.number,mean.diam,catchment.area,turbidity.initial,oxygen.percent.initial,oxygen.conc.initial,ph.initial,chlorophyll.initial,bacteria.per.ml..initial,amoeba.per.ml.initial,algae.per.ml.initial,ciliates.per.ml.initial,flagellates.per.ml.initial,rotifers.per.ml.initial,leafpack1.species1.mass.initial,leafpack2.species1.mass.initial,leafpack1.species2.mass.initial,leafpack2.species2.mass.initial,co2.final,methane.final,turbidity.final,oxygen.percent.final,oxygen.conc.final,ph.final,chlorophyll.final,bacteria.per.ml.final,amoeba.per.ml.final,algae.per.ml.final,ciliates.per.ml.final,flagellates.per.ml.final,rotifers.per.ml.final,leafpack1.species1.mass.final,leafpack2.species1.mass.final,leafpack1.species2.mass.final,leafpack2.species2.mass.final,water.volume.final,fpom.final,n15.bromeliad.final,final.bromeliad.percentn,final.bromeliad.percentc,site.y,species1,species2,decomp,sample_size_species
argentina_1,argentina,mu0.1k0.5,0.1,0.5,0.43,0.03,b,280,30,70.5,1146.52,NA,16.6,5.9,6.5,NA,NA,NA,NA,NA,NA,NA,170,140,NA,NA,1.5672125,NA,376,17.5,69,6.4,9.32,NA,NA,NA,NA,NA,NA,100,70,NA,NA,45,NA,7.065065153408101,0.434883066759012,NA,argentina,0.45588235294117646,NA,0.45588235294117646,1
argentina_26,argentina,mu0.2k0.5,0.2,0.5,0.86,0.03,c,340,30,67,1380.95,214,2.9,1.2,6.54,NA,NA,NA,NA,NA,NA,NA,170,120,NA,NA,3.0860653,NA,25.7,NA,NA,5.95,17.04,NA,NA,NA,NA,NA,NA,60,60,NA,NA,60,NA,19.312807771968863,0.6489892814183782,NA,argentina,0.5735294117647058,NA,0.5735294117647058,1
argentina_30,argentina,mu0.4k0.5,0.4,0.5,1.72,0.03,c,280,29,59,911.86,NA,1.4,0.6,6.67,NA,NA,NA,NA,NA,NA,NA,150,140,NA,NA,1.3630270999999998,NA,45.7,NA,NA,5.95,73.22,NA,NA,NA,NA,NA,NA,60,80,NA,NA,45,NA,12.655428471850971,0.5376545597034019,NA,argentina,0.5142857142857142,NA,0.5142857142857142,1
argentina_20,argentina,mu0.6k0.5,0.6,0.5,2.58,0.03,a,600,35,58.5,981.87,257,18.3,7.5,6.61,NA,NA,NA,NA,NA,NA,NA,150,150,NA,NA,1.6101988999999999,NA,36.4,7.2,3,5.88,23.34,NA,NA,NA,NA,NA,NA,80,80,NA,NA,52,NA,20.692588658666633,0.5023049150394076,NA,argentina,0.4666666666666667,NA,0.4666666666666667,1
argentina_29,argentina,mu0.8k0.5,0.8,0.5,3.45,0.03,b,345,32,54,797.44,NA,18.2,6.9,6.65,NA,NA,NA,NA,NA,NA,NA,130,160,NA,NA,1.1570506,NA,52.3,17.8,7,6.43,25.16,NA,NA,NA,NA,NA,NA,90,70,NA,NA,58,NA,17.365236466565072,0.41612935401122497,NA,argentina,0.43509615384615385,NA,0.43509615384615385,1
argentina_15,argentina,mu1k0.5,1,0.5,4.31,0.03,b,230,29,70,843.93,230,16.9,6.3,6.74,NA,NA,NA,NA,NA,NA,NA,230,150,NA,NA,1.3469072,NA,71.4,16.1,6.3,6.52,2.36,NA,NA,NA,NA,NA,NA,130,40,NA,NA,20,NA,16.481107022867867,0.6168153080066919,NA,argentina,0.5840579710144927,NA,0.5840579710144927,1
argentina_12,argentina,mu1.5k0.5,1.5,0.5,6.46,0.03,c,435,35,55.5,946.79,205,17.6,6.6,6.85,NA,NA,NA,NA,NA,NA,NA,220,140,NA,NA,1.4167600999999999,NA,30.1,NA,NA,6.4,0.011,NA,NA,NA,NA,NA,NA,110,60,NA,NA,75,NA,15.658253580470127,0.525000810764222,NA,argentina,0.5357142857142857,NA,0.5357142857142857,1
argentina_3,argentina,mu2k0.5,2,0.5,8.62,0.03,a,300,33,60,912.75,432,19.3,7.2,6.61,NA,NA,NA,NA,NA,NA,NA,270,140,NA,NA,1.844833,NA,416,18.5,7.4,6.54,0.011,NA,NA,NA,NA,NA,NA,80,60,NA,NA,53,NA,4.736632268912855,0.6193094920209606,NA,argentina,0.6375661375661376,NA,0.6375661375661376,1
argentina_11,argentina,mu2.5k0.5,2.5,0.5,10.77,0.03,c,415,38,70.5,1467.83,335,8.2,3.2,6.39,NA,NA,NA,NA,NA,NA,NA,170,180,NA,NA,1.504524,NA,65.7,NA,NA,6.57,11.72,NA,NA,NA,NA,NA,NA,90,80,NA,NA,59,NA,25.564726486207334,0.48117464591565734,NA,argentina,0.5130718954248366,NA,0.5130718954248366,1
argentina_6,argentina,mu3k0.5,3,0.5,12.92,0.03,c,210,28,52,504.96,NA,3.7,1.7,6.92,NA,NA,NA,NA,NA,NA,NA,150,190,NA,NA,1.6872162,NA,105.7,NA,NA,6.79,51.73,NA,NA,NA,NA,NA,NA,100,70,NA,NA,43,NA,20.324874801735948,0.5618370151607259,NA,argentina,0.48245614035087714,NA,0.48245614035087714,1
argentina_19,argentina,mu0.1k1,0.1,1,0.43,0.05,c,430,28,53,1189.82,104.9,18,7.4,5.97,NA,NA,NA,NA,NA,NA,NA,170,220,NA,NA,1.4364622,NA,32.2,NA,NA,5.78,0.011,NA,NA,NA,NA,NA,NA,100,110,NA,NA,31,NA,18.113818151501704,0.6109620609813269,NA,argentina,0.45588235294117646,NA,0.45588235294117646,1
argentina_4,argentina,mu0.2k1,0.2,1,0.86,0.05,c,260,33,57.5,1132.85,242,2.4,1.3,6.66,NA,NA,NA,NA,NA,NA,NA,180,180,NA,NA,1.3827292,NA,53.2,10.6,4,6.33,6.51,NA,NA,NA,NA,NA,NA,100,80,NA,NA,51,NA,11.371643561605138,0.6366441456490479,NA,argentina,0.5,NA,0.5,1
argentina_13,argentina,mu0.4k1,0.4,1,1.72,0.05,a,365,33,58.5,789.22,276,10.2,4,6.76,NA,NA,NA,NA,NA,NA,NA,180,120,NA,NA,2.4251494,NA,28.1,14.2,5.8,5.88,0.011,NA,NA,NA,NA,NA,NA,90,60,NA,NA,77,NA,35.3560746801691,0.5849323207254192,NA,argentina,0.5,NA,0.5,1
argentina_2,argentina,mu0.6k1,0.6,1,2.58,0.05,c,450,33,53,1163.44,207,9.6,4.5,6.74,NA,NA,NA,NA,NA,NA,NA,210,160,NA,NA,1.4257156,NA,59.4,NA,NA,6.64,0.011,NA,NA,NA,NA,NA,NA,60,60,NA,NA,158,NA,30.84459377629445,0.4611912847407034,NA,argentina,0.6696428571428572,NA,0.6696428571428572,1
argentina_9,argentina,mu0.8k1,0.8,1,3.45,0.05,b,280,29,79.5,942.12,320,15.5,5.4,6.53,NA,NA,NA,NA,NA,NA,NA,120,160,NA,NA,1.6728873999999998,NA,69,17.4,6.9,6.27,65.81,NA,NA,NA,NA,NA,NA,60,80,NA,NA,80,NA,44.99589869064869,0.43025093003584175,NA,argentina,0.5,NA,0.5,1
argentina_17,argentina,mu1k1,1,1,4.31,0.05,a,370,33,50.5,899.43,242,16.9,6.8,5.62,NA,NA,NA,NA,NA,NA,NA,100,160,NA,NA,1.6227365999999999,NA,30.6,2.1,0.9,5.74,1.86,NA,NA,NA,NA,NA,NA,40,80,NA,NA,91,NA,33.60948749765913,0.45384912269882305,NA,argentina,0.55,NA,0.55,1
argentina_7,argentina,mu1.5k1,1.5,1,6.46,0.05,a,230,25,45.5,545.34,NA,20.2,7.8,6.29,NA,NA,NA,NA,NA,NA,NA,180,160,NA,NA,1.7319936999999999,NA,22.3,3.6,1.4,6.36,0.011,NA,NA,NA,NA,NA,NA,50,60,NA,NA,117,NA,35.943008599848895,0.5812422739091481,NA,argentina,0.6736111111111112,NA,0.6736111111111112,1
argentina_25,argentina,mu2k1,2,1,8.62,0.05,b,320,30,54.5,726.17,287,16.5,6.2,6.38,NA,NA,NA,NA,NA,NA,NA,130,200,NA,NA,1.5260171999999999,NA,42.9,17.6,7,6.26,0.011,NA,NA,NA,NA,NA,NA,80,60,NA,NA,117,NA,52.076899917490984,0.4846771269676435,NA,argentina,0.5423076923076923,NA,0.5423076923076923,1
argentina_10,argentina,mu2.5k1,2.5,1,10.77,0.05,a,220,31,65,1528.4,NA,19.9,7.2,6.31,NA,NA,NA,NA,NA,NA,NA,140,120,NA,NA,1.6137811,NA,19.8,13.7,5.6,5.8,0.011,NA,NA,NA,NA,NA,NA,90,70,NA,NA,68,NA,10.369039421999293,0.5850952231443699,NA,argentina,0.3869047619047619,NA,0.3869047619047619,1
argentina_28,argentina,mu3k1,3,1,12.92,0.05,a,310,34,56,1004.74,215,17.9,7.4,6.45,NA,NA,NA,NA,NA,NA,NA,160,200,NA,NA,1.4884041,NA,18.1,6.8,2.8,5.64,15.53,NA,NA,NA,NA,NA,NA,50,90,NA,NA,103,NA,89.80473516550025,0.5224241316115433,NA,argentina,0.61875,NA,0.61875,1
argentina_8,argentina,mu0.1k2,0.1,2,0.43,0.11,b,455,35,73,1791.42,266,1.4,0.7,6.65,NA,NA,NA,NA,NA,NA,NA,210,160,NA,NA,1.6728873999999998,NA,84,17.4,6.8,6.25,0.011,NA,NA,NA,NA,NA,NA,100,100,NA,NA,48,NA,13.04092648481725,0.5535005854917182,NA,argentina,0.4494047619047619,NA,0.4494047619047619,1
argentina_16,argentina,mu0.2k2,0.2,2,0.86,0.11,c,320,33,63,1297.68,248,8,2.9,6.41,NA,NA,NA,NA,NA,NA,NA,160,160,NA,NA,1.5206438999999998,NA,19.9,NA,NA,5.92,0.011,NA,NA,NA,NA,NA,NA,70,40,NA,NA,39,NA,18.96557416181377,0.44074053485297465,NA,argentina,0.65625,NA,0.65625,1
argentina_5,argentina,mu0.4k2,0.4,2,1.72,0.11,b,450,33,58.5,1142.17,325,7.5,2.8,6.75,NA,NA,NA,NA,NA,NA,NA,180,180,NA,NA,1.3863113999999999,NA,67,3.9,1.5,6.06,0.011,NA,NA,NA,NA,NA,NA,90,70,NA,NA,194,NA,34.102749487590735,0.5800582202008275,NA,argentina,0.5555555555555556,NA,0.5555555555555556,1
argentina_23,argentina,mu0.6k2,0.6,2,2.58,0.11,a,185,28,56,826.15,542,6.1,1.9,5.53,NA,NA,NA,NA,NA,NA,NA,200,200,NA,NA,1.3092941,NA,28.4,18.2,7.2,5.67,78.62,NA,NA,NA,NA,NA,NA,70,70,NA,NA,35,NA,16.68630014026928,0.4274976912571137,NA,argentina,0.65,NA,0.65,1
argentina_21,argentina,mu0.8k2,0.8,2,3.45,0.11,b,290,30,78.5,969.47,282,1.7,0.9,6.35,NA,NA,NA,NA,NA,NA,NA,190,190,NA,NA,1.3934757999999998,NA,28.4,3.7,1.5,6.02,63.45,NA,NA,NA,NA,NA,NA,120,80,NA,NA,125,NA,34.46561326740416,0.46141302256764033,NA,argentina,0.4736842105263158,NA,0.4736842105263158,1
argentina_27,argentina,mu1k2,1,2,4.31,0.11,a,390,35,62.5,830,258,17.8,7.1,5.81,NA,NA,NA,NA,NA,NA,NA,180,240,NA,NA,1.3845203,NA,17.3,4.4,1.7,5.63,0.011,NA,NA,NA,NA,NA,NA,70,100,NA,NA,140,NA,11.239832543872286,0.5081647512314715,NA,argentina,0.5972222222222223,NA,0.5972222222222223,1
argentina_14,argentina,mu1.5k2,1.5,2,6.46,0.11,b,300,33,66,950.03,NA,2.6,1.1,6.57,NA,NA,NA,NA,NA,NA,NA,150,210,NA,NA,1.5009417999999999,NA,25.4,6.9,2.7,6.01,13.26,NA,NA,NA,NA,NA,NA,80,110,NA,NA,105,NA,45.85827785021102,0.4929746044912617,NA,argentina,0.4714285714285714,NA,0.4714285714285714,1
argentina_24,argentina,mu2k2,2,2,8.62,0.11,a,275,36,75,870.87,NA,NA,NA,NA,NA,NA,NA,NA,NA,NA,NA,160,230,NA,NA,1.3164585,NA,26.2,2.5,0.9,5.9,0.011,NA,NA,NA,NA,NA,NA,50,90,NA,NA,120,NA,33.97467704226642,0.5764143173254995,NA,argentina,0.6480978260869565,NA,0.6480978260869565,1
argentina_18,argentina,mu2.5k2,2.5,2,10.77,0.11,b,245,32,73,1807.62,NA,NA,NA,NA,NA,NA,NA,NA,NA,NA,NA,170,130,NA,NA,1.5564658999999998,NA,31.2,6.7,2.7,6.22,0.011,NA,NA,NA,NA,NA,NA,70,100,NA,NA,130,NA,36.34814993622793,0.47759709267279504,NA,argentina,0.4095022624434389,NA,0.4095022624434389,1
argentina_22,argentina,mu3k2,3,2,12.92,0.11,c,360,31,54.5,884.15,199,16.9,6.3,6.37,NA,NA,NA,NA,NA,NA,NA,160,150,NA,NA,1.5421371,NA,20.3,NA,NA,6.13,0.011,NA,NA,NA,NA,NA,NA,80,60,NA,NA,207,NA,52.831702923539666,0.4503333163951812,NA,argentina,0.55,NA,0.55,1
cardoso_DEC17,cardoso,mu3k0.5,3,0.5,22.67,0.1,a,1015,33,96,NA,43.67,NA,NA,5,-5.210159999999999,248828.2138144975,NA,NA,NA,NA,NA,232.8,216.70000000000002,NA,NA,NA,NA,246.9,NA,NA,5.3,56.8344,2977911.84919931,NA,NA,NA,NA,NA,185,160.39999999999998,NA,NA,527,310.8695652173911,5.2627696468035,0.6867387785435903,NA,cardoso,0.23256632207257577,NA,0.23256632207257577,1
cardoso_DEC36,cardoso,mu0.1k1,0.1,1,0.76,0.19,a,1150,35,106,NA,55.46,NA,NA,5,-1.39536,337122.09613577,NA,NA,NA,NA,NA,178.4,211.5,NA,NA,NA,NA,750,NA,NA,4.86666666666667,414.73199999999997,7504979.997308213,NA,NA,NA,NA,NA,142.9,158.79999999999998,NA,NA,566,242.00000000000009,14.925485024284812,0.6623788038412532,NA,cardoso,0.22408180411114295,NA,0.22408180411114295,1
cardoso_DEC54,cardoso,mu0.2k1,0.2,1,1.51,0.19,a,1225,38,105,NA,56.16,NA,NA,5.6,-3.12324,3298980.5121857496,NA,NA,NA,NA,NA,227.20000000000002,232.8,NA,NA,NA,NA,327,NA,NA,4.533333333333333,131.3352,5771209.217181397,NA,NA,NA,NA,NA,175.9,144.8,NA,NA,506.5,263.99999999999994,33.200943454785524,0.5370104579424528,NA,cardoso,0.3018995631866802,NA,0.3018995631866802,1
cardoso_DEC39,cardoso,mu0.4k1,0.4,1,3.02,0.19,a,945,39,99,NA,45.47,NA,NA,5.2,-4.912319999999999,834778.5237647638,NA,NA,NA,NA,NA,210.7,221.1,NA,NA,NA,NA,276.6,NA,NA,4.733333333333333,50.428799999999995,6991270.136529896,NA,NA,NA,NA,NA,164.20000000000002,161.8,NA,NA,532,109.99999999999933,4.96839477994282,0.6685168252993425,NA,cardoso,0.2444486803588305,NA,0.2444486803588305,1
cardoso_DEC22,cardoso,mu2.5k1,2.5,1,18.89,0.19,a,1040,29,63,NA,54.8,NA,NA,5.4,-2.2154399999999996,2408014.9723983575,NA,NA,NA,NA,NA,289.5,234.8,NA,NA,NA,NA,282.1,NA,NA,5.833333333333333,123.9708,7216018.200620411,NA,NA,NA,NA,NA,227.1,180.60000000000002,NA,NA,385,88.00000000000024,3.346944394178708,0.46054301013752563,NA,cardoso,0.22318939721601888,NA,0.22318939721601888,1
cardoso_DEC07,cardoso,mu0.4k2,0.4,2,3.02,0.39,a,948,28,89,NA,47.89,NA,NA,5.4,-4.816439999999999,505683.144203655,NA,NA,NA,NA,NA,235.1,259.29999999999995,NA,NA,NA,NA,309.1,NA,NA,5.133333333333333,59.8944,5819369.516629363,NA,NA,NA,NA,NA,175.6,200.7,NA,NA,737,412.5000000000003,5.1977249716084195,0.6404713200618879,NA,cardoso,0.23953842618193172,NA,0.23953842618193172,1
cardoso_DEC51,cardoso,mu0.6k2,0.6,2,4.53,0.39,a,1315,36,86.5,NA,51.74,NA,NA,5.6,-2.295,537790.0105022999,NA,NA,NA,NA,NA,237.3,239.3,NA,NA,NA,NA,678,NA,NA,4.8,410.856,10675533.044299385,NA,NA,NA,NA,NA,182.5,185.5,NA,NA,883,242.00000000000009,-1.5863608158277476,0.38469597507008024,NA,cardoso,0.22787685462004736,NA,0.22787685462004736,1
cardoso_DEC23,cardoso,mu1.5k2,1.5,2,11.33,0.39,a,1300,32,62,NA,56.84,NA,NA,5.2,-2.0420399999999996,890965.5397873922,NA,NA,NA,NA,NA,219.6,198.3,NA,NA,NA,NA,118.9,NA,NA,5.233333333333333,31.864799999999995,6878896.104484641,NA,NA,NA,NA,NA,164.6,157,NA,NA,762,461.99999999999955,4.626674935872321,0.5342478120167657,NA,cardoso,0.22936283546759478,NA,0.22936283546759478,1
cardoso_DEC53,cardoso,mu2k2,2,2,15.11,0.39,a,960,34,103,NA,49.4,NA,NA,5.6,-5.283599999999999,1404675.4005657085,NA,NA,NA,NA,NA,199.7,204.3,NA,NA,NA,NA,131.9,NA,NA,4.966666666666668,15.504,2953831.6994753177,NA,NA,NA,NA,NA,154.5,153.70000000000002,NA,NA,629,263.99999999999994,0.18322533164205623,0.5825593652378128,NA,cardoso,0.2370072485134946,NA,0.2370072485134946,1
cardoso_DEC35,cardoso,mu2.5k2,2.5,2,18.89,0.39,a,850,36,92,NA,56.24,NA,NA,5.7,-2.6050799999999996,473576.27790501027,NA,NA,NA,NA,NA,255.7,166.5,NA,NA,NA,NA,119.2,NA,NA,4.666666666666667,30.7632,666217.475696879,NA,NA,NA,NA,NA,195.39999999999998,133.89999999999998,NA,NA,564,527.9999999999999,4.77750449764347,0.550632593546345,NA,cardoso,0.21580951307193005,NA,0.21580951307193005,1
cardoso_DEC31,cardoso,mu0.2k0.5,0.2,0.5,1.51,0.1,b,855,32,99,NA,34.41,NA,NA,5.9,-4.16772,1228087.635923162,NA,NA,NA,NA,NA,218.29999999999998,219.9,NA,NA,NA,NA,434,NA,NA,5,172.58399999999997,7633407.462502792,NA,NA,NA,NA,NA,171.5,178.5,NA,NA,448,263.99999999999994,12.618883275418158,0.5131443670538557,NA,cardoso,0.20132563483547367,NA,0.20132563483547367,1
cardoso_DEC32,cardoso,mu0.4k0.5,0.4,0.5,3.02,0.1,b,975,31,97,NA,37.54,NA,NA,5.4,-3.5169599999999996,650164.0425475565,NA,NA,NA,NA,NA,222.39999999999998,222.3,NA,NA,NA,NA,239.1,NA,NA,4.766666666666667,40.3512,4478907.848660944,NA,NA,NA,NA,NA,179.4,170.8,NA,NA,482,220.0000000000002,-1.03387860811599,0.4289784704511235,NA,cardoso,0.21250711981022463,NA,0.21250711981022463,1
cardoso_DEC25,cardoso,mu0.6k0.5,0.6,0.5,4.53,0.1,b,990,33,82,NA,39.78,NA,NA,5.4,-4.53696,353175.52928509243,NA,NA,NA,NA,NA,219.5,218.29999999999998,NA,NA,NA,NA,328,NA,NA,4.666666666666667,100.6332,9840754.52053462,NA,NA,NA,NA,NA,166.8,168.8,NA,NA,697,396.0000000000007,2.929762928577384,0.5573545551045325,NA,cardoso,0.2334216460389194,NA,0.2334216460389194,1
cardoso_DEC03,cardoso,mu0.8k0.5,0.8,0.5,6.05,0.1,b,890,30,109,NA,35.86,NA,NA,5,-5.6569199999999995,288961.7966878029,NA,NA,NA,NA,NA,219.4,218.6,NA,NA,NA,NA,576.4,NA,NA,5,281.52,6244785.495086406,NA,NA,NA,NA,NA,174.2,168.7,NA,NA,611,297.91666666666646,7.465787878347285,0.6068457126981935,NA,cardoso,0.21714361132957644,NA,0.21714361132957644,1
cardoso_DEC12,cardoso,mu1k0.5,1,0.5,7.56,0.1,b,1200,33,87,NA,44.73,NA,NA,5.4,-2.74584,971232.7055340041,NA,NA,NA,NA,NA,222.8,198.8,NA,NA,NA,NA,206.5,NA,NA,4.766666666666667,40.7388,642137.3259728953,NA,NA,NA,NA,NA,168.5,128.6,NA,NA,547,417.9999999999997,0.7373038974964885,0.6396222560437387,NA,cardoso,0.2984175248980418,NA,0.2984175248980418,1
cardoso_DEC38,cardoso,mu0.6k1,0.6,1,4.53,0.19,b,1180,41,98,NA,43.82,NA,NA,5.5,-3.81684,850831.9569140861,NA,NA,NA,NA,NA,167.8,213.79999999999998,NA,NA,NA,NA,213,NA,NA,5,71.604,2600656.170190226,NA,NA,NA,NA,NA,127.8,160.6,NA,NA,609,775.0000000000006,0.03874989180263633,0.408764096456256,NA,cardoso,0.24360485276360228,NA,0.24360485276360228,1
cardoso_DEC08,cardoso,mu0.8k1,0.8,1,6.05,0.19,b,960,32,85,NA,40.38,NA,NA,5,-5.09796,321068.6629864476,NA,NA,NA,NA,NA,205.9,203,NA,NA,NA,NA,200.7,NA,NA,4.933333333333333,21.134399999999996,8936411.119789459,NA,NA,NA,NA,NA,158.6,161.8,NA,NA,392,549.9999999999997,6.155272293353109,0.46818394609394154,NA,cardoso,0.2163394158051759,NA,0.2163394158051759,1
cardoso_DEC49,cardoso,mu1.5k1,1.5,1,11.33,0.19,b,1080,35,94,NA,36.33,NA,NA,5.4,-3.24972,754511.358018152,NA,NA,NA,NA,NA,158.29999999999998,207.2,NA,NA,NA,NA,137.5,NA,NA,5.3999999999999995,25.2552,497656.4276289938,NA,NA,NA,NA,NA,119.7,163.70000000000002,NA,NA,480,395.99999999999983,4.130892603873226,0.6830723203312425,NA,cardoso,0.22689144676668355,NA,0.22689144676668355,1
cardoso_DEC13,cardoso,mu2k1,2,1,15.11,0.19,b,1180,33,78,NA,41.24,NA,NA,5.2,3.09672,537790.0105022999,NA,NA,NA,NA,NA,179.79999999999998,210.29999999999998,NA,NA,NA,NA,264.1,NA,NA,5.233333333333333,92.2284,7151804.468023121,NA,NA,NA,NA,NA,140.8,155.20000000000002,NA,NA,423,1171.739130434783,4.565231037564121,0.6323259129391573,NA,cardoso,0.23945716617555182,NA,0.23945716617555182,1
cardoso_DEC15,cardoso,mu3k2,3,2,22.67,0.39,b,852,25,85,NA,46.8,NA,NA,5,4.2942,1765877.6464254619,NA,NA,NA,NA,NA,268,207.5,NA,NA,NA,NA,84.99,NA,NA,4.966666666666667,10.85076,1613370.0315068993,NA,NA,NA,NA,NA,207.7,163,NA,NA,734,285.99999999999983,2.9823469508574174,0.6239442704291197,NA,cardoso,0.21972891566265063,NA,0.21972891566265063,1
cardoso_DEC43,cardoso,mu1k1,1,1,7.56,0.19,c,1055,31,88,NA,33.52,NA,NA,5.4,-2.64996,642137.3259728953,NA,NA,NA,NA,NA,205.7,185.6,NA,NA,NA,NA,185.5,NA,NA,5,42.7788,4928403.976841971,NA,NA,NA,NA,NA,152.2,141.1,NA,NA,543,417.9999999999997,0.962009479175574,0.5072645152842892,NA,cardoso,0.24992521855564684,NA,0.24992521855564684,1
cardoso_DEC16,cardoso,mu0.8k2,0.8,2,6.05,0.39,c,1065,33,72,NA,14.35,NA,NA,5.7,-3.9474,529763.2939276386,NA,NA,NA,NA,NA,194.5,254.7,NA,NA,NA,NA,134.3,NA,NA,4.633333333333334,16.415879999999998,3491621.709977618,NA,NA,NA,NA,NA,146.2,197.2,NA,NA,584,549.9999999999999,-3.5244875359426997,0.4757869912645549,NA,cardoso,0.2370424199850018,NA,0.2370424199850018,1
cardoso_DEC06,cardoso,mu0.2k2,0.2,2,1.51,0.39,c,700,27,80,NA,46.76,NA,NA,5.6,2.7438,1115713.6038779055,NA,NA,NA,NA,NA,250.5,201.6,NA,NA,NA,NA,226.7,NA,NA,5.3,54.56999999999999,5779235.933756057,NA,NA,NA,NA,NA,196.6,142.1,NA,NA,560,345.01845018450183,1.2469539711998934,0.9243796551776354,NA,cardoso,0.25515427478376584,NA,0.25515427478376584,1
cardoso_DEC24,cardoso,mu3k1,3,1,22.67,0.19,c,1e3,29,76,NA,45.54,NA,NA,5.1,-2.8804799999999995,529763.2939276386,NA,NA,NA,NA,NA,161.5,214.29999999999998,NA,NA,NA,NA,172.3,NA,NA,5.1,28.804799999999997,3636102.608321519,NA,NA,NA,NA,NA,124.2,146.1,NA,NA,365,141.42857142857167,1.3243779753389084,0.4873854829358072,NA,cardoso,0.27460260131264724,NA,0.27460260131264724,1
cardoso_DEC21,cardoso,mu0.1k0.5,0.1,0.5,0.76,0.1,c,1250,34,88,NA,31.07,NA,NA,5.7,-4.38192,2375908.1060997127,NA,NA,NA,NA,NA,282.1,187.29999999999998,NA,NA,NA,NA,402,NA,NA,5.033333333333333,72.624,4262186.501145093,NA,NA,NA,NA,NA,211.29999999999998,140.9,NA,NA,558,455.7142857142856,0.18503790717283586,0.44022019678598573,NA,cardoso,0.24935287229691583,NA,0.24935287229691583,1
cardoso_DEC28,cardoso,mu1k2,1,2,7.56,0.39,c,1166,28,77,NA,34.93,NA,NA,5.4,-5.19588,866885.3900634086,NA,NA,NA,NA,NA,244.29999999999998,276.8,NA,NA,NA,NA,103.2,NA,NA,4.866666666666667,8.702639999999999,4246133.06799577,NA,NA,NA,NA,NA,190.29999999999998,210.2,NA,NA,285,330.0000000000003,2.8308627526358876,0.4250706689232658,NA,cardoso,0.230823320848289,NA,0.230823320848289,1
cardoso_DEC48,cardoso,mu0.1k2,0.1,2,0.76,0.39,c,1070,32,82,NA,32.37,NA,NA,5.8,-4.738919999999999,1003339.571832649,NA,NA,NA,NA,NA,250.7,176,NA,NA,NA,NA,356,NA,NA,4.8,70.9716,8733067.633231375,NA,NA,NA,NA,NA,200.8,130.70000000000002,NA,NA,643,307.99999999999966,2.378913872085553,0.584147886113719,NA,cardoso,0.22821452206548926,NA,0.22821452206548926,1
cardoso_DEC47,cardoso,mu2.5k0.5,2.5,0.5,18.89,0.1,c,1160,33,114,NA,32.61,NA,NA,5.6,-4.59204,850831.9569140861,NA,NA,NA,NA,NA,194.20000000000002,156.6,NA,NA,NA,NA,121.8,NA,NA,5.033333333333334,12.307319999999999,2857511.1005793842,NA,NA,NA,NA,NA,147,118.7,NA,NA,711,424.2857142857139,5.67745854625934,0.4447078442440895,NA,cardoso,0.24253314182821623,NA,0.24253314182821623,1
cardoso_DEC34,cardoso,mu2k0.5,2,0.5,15.11,0.1,c,1125,32,64,NA,36.21,NA,NA,5,-3.6475199999999997,401335.8287330595,NA,NA,NA,NA,NA,187.79999999999998,214.10000000000002,NA,NA,NA,NA,199.6,NA,NA,4.8999999999999995,25.805999999999997,3403327.8276563445,NA,NA,NA,NA,NA,147.29999999999998,161.89999999999998,NA,NA,636,612.8571428571424,0.5878493408166818,0.38307013809314144,NA,cardoso,0.22973312760302816,NA,0.22973312760302816,1
cardoso_DEC40,cardoso,mu1.5k0.5,1.5,0.5,11.33,0.1,c,1e3,34,93,NA,26.03,NA,NA,4.3,-6.31584,200667.91436652976,NA,NA,NA,NA,NA,171.5,188.1,NA,NA,NA,NA,255.8,NA,NA,5.066666666666667,78.4992,3371220.9613577,NA,NA,NA,NA,NA,133.5,145.4,NA,NA,385,682.0000000000005,-1.6235448802751629,0.5690168222527053,NA,cardoso,0.22429062762038054,NA,0.22429062762038054,1
colombia_1,colombia,mu0.1k0.5,0.1,0.5,0.89,0.25,b,1194,24,81.05099999999999,2572,290.1,NA,NA,5.1,6579,NA,NA,NA,NA,NA,NA,4e3,4e3,3e3,3e3,1.8282205186666667,0.4109287385,262.1,25.4,NA,6.2,4564,1372279.087014557,NA,NA,NA,NA,NA,3510,3160,1130,2150,96,1972,7.14274251763441,0.4700052883909484,46.43,colombia,0.16625,0.4533333333333333,0.3097916666666667,2
colombia_2,colombia,mu0.2k0.5,0.2,0.5,1.79,0.25,c,274,19,81.24,1366.672,238.4,NA,NA,5.4,5047,NA,NA,NA,NA,NA,NA,4e3,4e3,3e3,3e3,1.9002062713333334,0.4156156093,314.1,6.9,NA,5.4,6559,1989896.9604553073,NA,NA,NA,NA,NA,3290,3180,2230,2040,76,2508.014337,7.973427613295026,0.6803922454980493,44.62,colombia,0.19124999999999998,0.28833333333333333,0.23979166666666665,2
colombia_3,colombia,mu0.4k0.5,0.4,0.5,3.57,0.25,c,330,19,93.72149999999999,2249.43,219.3,NA,NA,5.1,5307,NA,NA,NA,NA,NA,NA,4e3,4e3,3e3,3e3,NA,NA,NA,NA,NA,NA,NA,NA,NA,NA,NA,NA,NA,3190,3140,1840,1590,1,1333.333333,10.550965022711683,0.5782571600023543,44.39,colombia,0.20875,0.42833333333333334,0.31854166666666667,2
colombia_4,colombia,mu0.6k0.5,0.6,0.5,5.36,0.25,c,582,30,101.0905,3702.489,185,NA,NA,5.1,4973,NA,NA,NA,NA,NA,NA,4e3,4e3,3e3,3e3,1.9026262713333333,0.4097784921,272.9,8.1,NA,6.4,5880,NA,NA,NA,NA,NA,NA,1580,2600,2300,2060,112,1547,4.198134817762395,0.7129751723643736,44.67,colombia,0.4775,0.2733333333333333,0.3754166666666666,2
colombia_5,colombia,mu0.8k0.5,0.8,0.5,7.14,0.25,b,1726,42,106.3365,5195.003,230,NA,NA,4.7,2428,NA,NA,NA,NA,NA,NA,4e3,4e3,3e3,3e3,2.0850268193333332,0.4140604761,210,16.7,NA,5.7,3165,558165.0977922012,NA,NA,NA,NA,NA,3030,3420,2210,1870,454,3644.666667,3.926603370028296,0.6296696279236629,46.77,colombia,0.19374999999999998,0.31999999999999995,0.25687499999999996,2
colombia_6,colombia,mu1k0.5,1,0.5,8.93,0.25,b,483,21,121.973,3295.27,242,NA,NA,5,3443,NA,NA,NA,NA,NA,NA,4e3,4e3,3e3,3e3,NA,NA,168,NA,NA,NA,5072,989515.2920828109,NA,NA,NA,NA,NA,3080,2510,2300,2150,20,2730,8.633148464086023,0.5932407824020511,45.89,colombia,0.30125,0.2583333333333333,0.27979166666666666,2
colombia_7,colombia,mu1.5k0.5,1.5,0.5,13.39,0.25,c,380,17,84.5115,2021.28,262.5,NA,NA,5.3,5343,NA,NA,NA,NA,NA,NA,4e3,4e3,3e3,3e3,1.8882448236666667,0.4089564493,NA,5.8,NA,6.4,NA,4707943.62677986,NA,NA,NA,NA,NA,2770,3100,1940,1200,21,2356.3125,7.1829693987802035,0.735580984748437,44.59,colombia,0.26625,0.4766666666666667,0.37145833333333333,2
colombia_8,colombia,mu2k0.5,2,0.5,17.85,0.25,c,988,26,103.06200000000001,2545.36,243.3,NA,NA,5,4268,NA,NA,NA,NA,NA,NA,4e3,4e3,3e3,3e3,1.9548271416666667,0.41564628260000003,155.5,6.3,NA,5.7,3828,532565.9282291952,NA,NA,NA,NA,NA,2900,2900,1970,2510,44.1,3107.5,10.079304841277265,0.5252368380545432,45.75,colombia,0.275,0.2533333333333333,0.26416666666666666,2
colombia_9,colombia,mu2.5k0.5,2.5,0.5,22.31,0.25,a,358,32,85.08,2264.281,298.5,NA,NA,5,6408,NA,NA,NA,NA,NA,NA,4e3,4e3,3e3,3e3,NA,NA,188.9,34,NA,6.1,4268,227303.70065989904,NA,NA,NA,NA,NA,3220,3730,1880,2310,47,2705.6,6.896352870616431,0.6784588530386202,46.42,colombia,0.13125,0.3016666666666667,0.21645833333333336,2
colombia_10,colombia,mu3k0.5,3,0.5,26.78,0.25,b,354,20,66.4525,1424.007,262.2,NA,NA,4.2,3811,NA,NA,NA,NA,NA,NA,4e3,4e3,3e3,3e3,2.0772310936666667,0.4160174287,212.1,3,NA,5.7,5058,216675.645318088,NA,NA,NA,NA,NA,3790,3390,2060,2160,135,1882.58,5.830340520252928,0.7592701284991296,45.43,colombia,0.1025,0.2966666666666667,0.19958333333333333,2
colombia_11,colombia,mu0.1k1,0.1,1,0.89,0.49,b,202,20,117.82400000000001,1617.891,302.7,NA,NA,4.8,7085,NA,NA,NA,NA,NA,NA,4e3,4e3,3e3,3e3,1.8998137143333331,0.4168548081,207.9,4,NA,6.3,5172,156994.8096778427,NA,NA,NA,NA,NA,2960,2780,2100,1980,65,2893.928571,6.230597987653564,0.6197710692544581,45.54,colombia,0.2825,0.32,0.30125,2
colombia_12,colombia,mu0.2k1,0.2,1,1.79,0.49,b,189,36,81.4315,1557.886,276.9,NA,NA,4.4,4713,NA,NA,NA,NA,NA,NA,4e3,4e3,3e3,3e3,NA,NA,NA,NA,NA,NA,NA,NA,NA,NA,NA,NA,NA,2880,3e3,2020,2370,0,2524.665,4.082482534468241,0.6879201182190937,44.84,colombia,0.265,0.2683333333333333,0.26666666666666666,2
colombia_13,colombia,mu0.4k1,0.4,1,3.57,0.49,a,263,18,73.8115,1326.711,261.6,NA,NA,4.8,3288,NA,NA,NA,NA,NA,NA,4e3,4e3,3e3,3e3,NA,NA,307.3,25.8,NA,7.1,3957,NA,NA,NA,NA,NA,NA,2930,3670,1860,1900,50,847.7142857142861,3.100946634510903,0.6393923374366847,45.74,colombia,0.17500000000000002,0.3733333333333333,0.27416666666666667,2
colombia_14,colombia,mu0.6k1,0.6,1,5.36,0.49,a,211,16,72.089,1440.442,235,NA,NA,NA,4544,NA,NA,NA,NA,NA,NA,4e3,4e3,3e3,3e3,NA,NA,NA,NA,NA,NA,NA,NA,NA,NA,NA,NA,NA,3430,3320,2220,1970,0,3529.575,1.4858373565073326,0.871773546904894,45.77,colombia,0.15625,0.30166666666666664,0.22895833333333332,2
colombia_15,colombia,mu0.8k1,0.8,1,7.14,0.49,c,237,24,73.518,1640.467,190.4,NA,NA,4.8,4918,NA,NA,NA,NA,NA,NA,4e3,4e3,3e3,3e3,NA,NA,169.3,NA,NA,NA,5582,NA,NA,NA,NA,NA,NA,3320,3090,1910,2260,10,1064.8,3.3956085389038337,0.610051897100365,44.71,colombia,0.19875,0.305,0.251875,2
colombia_16,colombia,mu1k1,1,1,8.93,0.49,a,265,19,87.2175,2607.528,303.4,NA,NA,5,3341,NA,NA,NA,NA,NA,NA,4e3,4e3,3e3,3e3,NA,NA,388.5,23.3,NA,6,4808,2765586.49893333,NA,NA,NA,NA,NA,3200,2970,2160,2020,54,2692.571429,-3.2092106046216182,0.5916700587715651,51.14,colombia,0.22875,0.30333333333333334,0.2660416666666667,2
colombia_17,colombia,mu1.5k1,1.5,1,13.39,0.49,b,278,17,74.47800000000001,901.862,263.4,NA,NA,5.1,5585,NA,NA,NA,NA,NA,NA,4e3,4e3,3e3,3e3,NA,NA,NA,NA,NA,NA,NA,NA,NA,NA,NA,NA,NA,2250,2210,2e3,1810,0,1599.6,2.4864810250089224,0.9929179651987675,43.93,colombia,0.4425,0.365,0.40375,2
colombia_18,colombia,mu2k1,2,1,17.85,0.49,c,217,24,104.988,1150.215,168.1,NA,NA,5.1,4106,NA,NA,NA,NA,NA,NA,4e3,4e3,3e3,3e3,NA,NA,127.4,NA,NA,NA,4033,NA,NA,NA,NA,NA,NA,3110,NA,2100,2080,11,2185,4.039238637236514,0.9745872281360615,42.91,colombia,0.2225,0.30333333333333334,0.2629166666666667,2
colombia_19,colombia,mu2.5k1,2.5,1,22.31,0.49,a,790,32,114.564,3661.489,348,NA,NA,4.5,4772,NA,NA,NA,NA,NA,NA,4e3,4e3,3e3,3e3,NA,NA,149.3,40,NA,5.6,1110,NA,NA,NA,NA,NA,NA,3460,3190,2190,2190,184,3234.964286,-3.634344169220276,0.7688106754677826,49.8,colombia,0.16875,0.27,0.21937500000000001,2
colombia_20,colombia,mu3k1,3,1,26.78,0.49,b,73,15,68.375,951.178,286.6,NA,NA,4.7,6258,NA,NA,NA,NA,NA,NA,4e3,4e3,3e3,3e3,NA,NA,NA,NA,NA,NA,NA,NA,NA,NA,NA,NA,NA,3440,3030,2230,2830,0,1396.8,6.440783441640329,0.6790527753078932,43.72,colombia,0.19125,0.15666666666666665,0.17395833333333333,2
colombia_21,colombia,mu0.1k2,0.1,2,0.89,0.99,c,411,23,72.845,2001.388,187.1,NA,NA,4.9,4539,NA,NA,NA,NA,NA,NA,4e3,4e3,3e3,3e3,1.8590478059999997,0.4156278786,141.9,16,NA,6,3804,87430.52354940392,NA,NA,NA,NA,NA,3720,3670,2240,2320,65,3436.8,5.707648532758261,0.7090555043273952,43.85,colombia,0.07625000000000001,0.24,0.15812500000000002,2
colombia_22,colombia,mu0.2k2,0.2,2,1.79,0.99,a,341,21,105.75200000000001,1443.28,292.7,NA,NA,4.5,5642,NA,NA,NA,NA,NA,NA,4e3,4e3,3e3,3e3,NA,NA,385.4,9.8,NA,6.3,4387,1318066.124088047,NA,NA,NA,NA,NA,2860,3180,2220,2320,52,1597.805556,2.330601860568976,0.7498683815526601,45.64,colombia,0.245,0.24333333333333335,0.24416666666666667,2
colombia_23,colombia,mu0.4k2,0.4,2,3.57,0.99,c,438,23,99.803,2600.606,196.3,NA,NA,4.6,5402,NA,NA,NA,NA,NA,NA,4e3,4e3,3e3,3e3,1.983109733,0.4144530936,104.7,2.8,NA,5.7,4106,138436.7598516474,NA,NA,NA,NA,NA,3e3,3210,2070,2150,51.4,4314.6,3.7264746363279775,0.6966932112408615,43.61,colombia,0.22375,0.29666666666666663,0.2602083333333333,2
colombia_24,colombia,mu0.6k2,0.6,2,5.36,0.99,a,180,21,108.87100000000001,2080.189,290.4,NA,NA,4.7,3920,NA,NA,NA,NA,NA,NA,4e3,4e3,3e3,3e3,NA,NA,236,14.5,NA,5.9,5206,3415112.276381934,NA,NA,NA,NA,NA,3390,3250,2040,2130,33,1689.371212,5.344600930417482,0.8781209421526727,45.76,colombia,0.16999999999999998,0.305,0.2375,2
colombia_25,colombia,mu0.8k2,0.8,2,7.14,0.99,b,200,17,145.34199999999998,1928.491,279.8,NA,NA,4.9,4967,NA,NA,NA,NA,NA,NA,4e3,4e3,3e3,3e3,NA,NA,331.9,NA,NA,NA,6656,1386090.5755172893,NA,NA,NA,NA,NA,3050,3740,1910,2100,2,943.4,7.207105527467679,0.5798654760616335,44.24,colombia,0.15125,0.33166666666666667,0.24145833333333333,2
colombia_26,colombia,mu1k2,1,2,8.93,0.99,c,137,26,106.9925,2240.242,252.3,NA,NA,NA,5741,NA,NA,NA,NA,NA,NA,4e3,4e3,3e3,3e3,1.8461857846666667,0.4149868079,157.5,NA,NA,NA,4705,320481.98237371654,NA,NA,NA,NA,NA,2890,2240,2010,1870,24.5,3098.75,7.772293207566063,0.7693844671222511,44.03,colombia,0.35875,0.35333333333333333,0.3560416666666667,2
colombia_27,colombia,mu1.5k2,1.5,2,13.39,0.99,a,453,29,72.989,2473.12,212.7,NA,NA,4.7,2267,NA,NA,NA,NA,NA,NA,4e3,4e3,3e3,3e3,NA,NA,407.4,23.6,NA,6.2,2685,NA,NA,NA,NA,NA,NA,2980,3510,2440,2390,78,2402.507154,1.6085293440019997,0.7014528427206597,45,colombia,0.18875,0.195,0.19187500000000002,2
colombia_28,colombia,mu2k2,2,2,17.85,0.99,a,299,27,108.26050000000001,2340.692,226.9,NA,NA,4.3,4781,NA,NA,NA,NA,NA,NA,4e3,4e3,3e3,3e3,1.7397843100000001,0.417213685,251.1,29.7,NA,5.7,3334,986444.3852639269,NA,NA,NA,NA,NA,2860,2450,2270,1950,77,3304.772727,2.17472269612903,0.6816444559556767,45.5,colombia,0.33625,0.29666666666666663,0.3164583333333333,2
colombia_29,colombia,mu2.5k2,2.5,2,22.31,0.99,b,564,33,124.1175,5785.255,254.8,NA,NA,4.7,3420,NA,NA,NA,NA,NA,NA,4e3,4e3,3e3,3e3,1.8156864,0.4174774749,165.4,12.9,NA,5.5,3163,NA,NA,NA,NA,NA,NA,2140,3570,1960,2130,285,2222,-0.7558055953419575,0.8235977919178639,43.73,colombia,0.28625,0.31833333333333336,0.3022916666666667,2
colombia_30,colombia,mu3k2,3,2,26.78,0.99,a,190,18,116.709,2551.316,343.9,NA,NA,4.4,6364,NA,NA,NA,NA,NA,NA,4e3,4e3,3e3,3e3,2.057372317,0.4128212773,136.1,17,NA,5.6,2987,1201219.367026593,NA,NA,NA,NA,NA,3160,3400,2530,2260,37,1380.5,4.292667988455008,0.6216173365480242,43.73,colombia,0.18,0.20166666666666666,0.19083333333333333,2
frenchguiana_77,frenchguiana,mu0.1k0.5,0.1,0.5,0.82,0.15,c,256,18,73.5,908,NA,NA,NA,NA,NA,18859744.990892533,NA,NA,NA,NA,NA,998,NA,555,NA,17.31699600330892,0.00669855000096316,NA,50.5,NA,4.605,170.62,10509627.994955866,NA,NA,0,0,6,941.5,NA,514.8999999999999,NA,60,378.000000000001,3.437936574874442,0.9007639005432846,31.6895676916846,frenchguiana,0.05661322645290581,0.0722522522522525,0.06443273935257915,2
frenchguiana_9,frenchguiana,mu0.2k0.5,0.2,0.5,1.63,0.15,a,260,14,65.5,1225,NA,NA,NA,NA,NA,67479168.3856259,NA,NA,NA,NA,NA,1039,NA,508,NA,44.119146671353676,0.45308467071347897,NA,20.3,NA,5.4,775.25,26552695.81056467,NA,NA,0,0,6,1006.8999999999999,NA,490,NA,10,96.00000000000276,17.035992442625787,0.7652699168769661,46.04568581723024,frenchguiana,0.030895091434071355,0.03543307086614173,0.03316408115010654,2
frenchguiana_18,frenchguiana,mu0.4k0.5,0.4,0.5,3.26,0.15,c,220,17,76,1192,NA,NA,NA,NA,NA,13814350.233416568,NA,NA,NA,NA,NA,770,NA,628,NA,19.39350562586302,0.010200091417559539,NA,7.4,NA,4.84,NA,25612750.455373414,NA,NA,0,0,8,735.1000000000001,NA,589.9,NA,2.5,16.37500000000014,2.558415522059619,0.9456309538158906,43.68123686680506,frenchguiana,0.04532467532467515,0.06066878980891723,0.05299673256679619,2
frenchguiana_21,frenchguiana,mu0.6k0.5,0.6,0.5,4.9,0.15,a,232,13,79.5,1171,NA,NA,NA,NA,NA,13286994.535519127,NA,NA,NA,NA,NA,749,NA,560,NA,18.922096186423357,NA,NA,33.2,NA,4.8,394.62,18382846.153846156,NA,NA,0,0,2,715.0999999999998,NA,523.8000000000001,NA,20,53.49999999999966,5.584208086009587,0.7077119725711378,46.30264611207181,frenchguiana,0.04526034712950628,0.06464285714285702,0.05495160213618165,2
frenchguiana_78,frenchguiana,mu0.8k0.5,0.8,0.5,6.53,0.15,b,260,15,63.5,964,NA,NA,NA,NA,NA,15066502.732240438,NA,NA,NA,NA,NA,867,NA,565,NA,23.115908052132813,0.006604123326466789,NA,58.3,NA,4.800000000000001,226.28,6518779.599271404,NA,NA,0,0,2,824.9,NA,539.2,NA,52,341.1199999999994,4.2614244320605605,0.646650980442934,45.27547345014127,frenchguiana,0.04855824682814305,0.04566371681415921,0.04711098182115113,2
frenchguiana_25,frenchguiana,mu1k0.5,1,0.5,8.16,0.15,a,222,15,93.5,1283,NA,NA,NA,NA,NA,19826812.38615665,NA,NA,NA,NA,NA,877,NA,398,NA,21.45955717543931,NA,NA,28.2,NA,5.22,760.87,16456648.451730423,NA,NA,0,0,14,831.6000000000001,NA,365.9,NA,30,118.71428571428501,7.763499158854506,0.7156178059800149,45.94308357215907,frenchguiana,0.051767388825541466,0.08065326633165835,0.0662103275785999,2
frenchguiana_31,frenchguiana,mu1.5k0.5,1.5,0.5,12.24,0.15,a,337,14,79,1097,NA,NA,NA,NA,NA,12998014.571949,NA,NA,NA,NA,NA,715,NA,415,NA,18.910975762771727,NA,NA,27.45,NA,5.05,216.23,10282187.89407314,NA,NA,0,0,4,666.7,NA,393.5,NA,97.5,177.44999999999777,21.225474408650427,0.7308036200295718,46.15567772004615,frenchguiana,0.06755244755244749,0.051807228915662654,0.05967983823405507,2
frenchguiana_87,frenchguiana,mu2k0.5,2,0.5,16.32,0.15,c,236,15,68.5,854,NA,NA,NA,NA,NA,14010965.391621131,NA,NA,NA,NA,NA,1135,NA,420,NA,22.93354781951962,NA,NA,65.25,NA,4.82,238.76,3714153.005464481,NA,NA,0,0,2,1080.8999999999999,NA,397.69999999999993,NA,97,247.35000000000076,3.612039718435055,0.5792610417921713,44.96551905704531,frenchguiana,0.047665198237885585,0.05309523809523826,0.05038021816656192,2
frenchguiana_33,frenchguiana,mu2.5k0.5,2.5,0.5,20.4,0.15,b,282,14,75,1068,NA,NA,NA,NA,NA,17433096.539162114,NA,NA,NA,NA,NA,586,NA,475,NA,11.069241101502234,NA,NA,21.25,NA,4.74,281.27,14424663.023679418,NA,NA,0,0,5,537.2,NA,398.40000000000003,NA,120,200.39999999999657,5.131940149863627,0.9387068332630077,45.868969953425434,frenchguiana,0.08327645051194532,0.16126315789473677,0.12226980420334105,2
frenchguiana_79,frenchguiana,mu3k0.5,3,0.5,24.48,0.15,c,170,14,71,1033,NA,NA,NA,NA,NA,24253023.679417126,NA,NA,NA,NA,NA,722,NA,613,NA,14.345867520945959,0.005995510707407426,NA,61.7,NA,4.82,590,4707775.53593947,NA,NA,0,0,2,699.1,NA,589.9,NA,45,247.95000000000167,3.036698870461764,0.8105901026969778,44.96695081703921,frenchguiana,0.03171745152354567,0.0376835236541599,0.03470048758885279,2
frenchguiana_35,frenchguiana,mu0.1k1,0.1,1,0.82,0.31,b,205,10,60,620,NA,NA,NA,NA,NA,20465865.20947177,NA,NA,NA,NA,NA,1079,NA,373,NA,27.231052833637456,0.013868967285436799,NA,44.9,NA,5.3149999999999995,542.18,5229016.393442623,NA,NA,0,0,6,1024.3000000000002,NA,308.5,NA,52,288.0800000000006,3.1907901584406977,0.7303188626589816,45.60645586261861,frenchguiana,0.05069508804448546,0.17292225201072386,0.11180867002760467,2
frenchguiana_37,frenchguiana,mu0.2k1,0.2,1,1.63,0.31,c,268,14,73,1123,NA,NA,NA,NA,NA,16858178.50637523,NA,NA,NA,NA,NA,449,NA,478,NA,15.521889547666184,NA,NA,70.2,NA,4.35,197.03,14914408.01457195,NA,NA,0,0,0,435.49999999999994,NA,462.09999999999997,NA,97.5,479.6999999999992,2.8936141030527542,0.6802866295082827,42.992178750458706,frenchguiana,0.030066815144766272,0.0332635983263599,0.031665206735563084,2
frenchguiana_41,frenchguiana,mu0.4k1,0.4,1,3.26,0.31,a,110,13,53.5,823,NA,NA,NA,NA,NA,14327322.40437159,NA,NA,NA,NA,NA,942,NA,432,NA,31.317091768699907,0.10427829519591013,NA,NA,NA,NA,NA,1751288.7767969738,NA,NA,0,0,0,933.2,NA,402.20000000000005,NA,1.5,96,1.8399899066773187,0.5878267791033237,45.630207963002086,frenchguiana,0.009341825902335408,0.06898148148148138,0.039161653691908396,2
frenchguiana_75,frenchguiana,mu0.6k1,0.6,1,4.9,0.31,c,194,16,82.5,1079,NA,NA,NA,NA,NA,20800473.588342443,NA,NA,NA,NA,NA,329,NA,468,NA,35.03794076716333,0.009090416659456304,NA,56.3,NA,5.09,1140.17,3805409.8360655736,NA,NA,0,0,14,310.00000000000006,NA,459.9,NA,70,576.7999999999986,4.9338227796049985,0.6648981952644087,40.76584355136896,frenchguiana,0.05775075987841928,0.017307692307692357,0.03752922609305582,2
frenchguiana_42,frenchguiana,mu0.8k1,0.8,1,6.53,0.31,b,338,16,82,1185,NA,NA,NA,NA,NA,17752495.44626594,NA,NA,NA,NA,NA,795,NA,642,NA,20.346935647828698,NA,NA,15.55,NA,4.65,NA,14745699.873896595,NA,NA,0,0,68,715.8000000000001,NA,568.8000000000001,NA,97.5,283.7250000000012,2.4743657286165646,0.8268098558172373,46.17701859674217,frenchguiana,0.09962264150943388,0.11401869158878494,0.1068206665491094,2
frenchguiana_44,frenchguiana,mu1k1,1,1,8.16,0.31,b,320,17,78,1304,NA,NA,NA,NA,NA,14683224.04371585,NA,NA,NA,NA,NA,711,NA,673,NA,14.706761556625363,0.004097083653412754,NA,33.5,NA,5.12,270.79,4255610.200364299,NA,NA,0,0,4,671.1,NA,637.5,NA,162,345.0600000000016,4.00527268061506,0.8740534862204615,46.20043005583636,frenchguiana,0.05611814345991558,0.05274888558692422,0.0544335145234199,2
frenchguiana_47,frenchguiana,mu1.5k1,1.5,1,12.24,0.31,a,300,16,83,1276,NA,NA,NA,NA,NA,17770746.81238616,NA,NA,NA,NA,NA,892,NA,401,NA,16.101025399989148,NA,NA,54.5,NA,4.925,239.57,22674280.51001822,NA,NA,0,0,6,848.1,NA,376.7,NA,82.5,262.3499999999967,2.5914350837693907,0.7107664999943901,46.07300863944967,frenchguiana,0.04921524663677127,0.06059850374064841,0.05490687518870984,2
frenchguiana_81,frenchguiana,mu2k1,2,1,16.32,0.31,c,200,15,71,966,NA,NA,NA,NA,NA,20566509.608077306,NA,NA,NA,NA,NA,694,NA,505,NA,34.93102527458476,0.029590434717485646,NA,64.65,NA,4.38,358,1751288.7767969735,NA,NA,0,0,2,670.6000000000001,NA,488.50000000000006,NA,82.5,207.8999999999991,1.9840752668654127,0.8007637109506198,44.893359851701376,frenchguiana,0.03371757925072026,0.032673267326732564,0.03319542328872641,2
frenchguiana_49,frenchguiana,mu2.5k1,2.5,1,20.4,0.31,c,310,11,63,1027,NA,NA,NA,NA,NA,15848269.581056468,NA,NA,NA,NA,NA,480,NA,322,NA,26.78967195778598,0.03812264760889631,NA,60.150000000000006,NA,4.395,456.4,2208064.312736444,NA,NA,0,0,1,453.99999999999994,NA,311.99999999999994,NA,161,489.4400000000033,1.510794882358688,0.6382954567635145,45.95758859385301,frenchguiana,0.054166666666666786,0.03105590062111819,0.04261128364389249,2
frenchguiana_50,frenchguiana,mu3k1,3,1,24.48,0.31,a,286,10,54,1116,NA,NA,NA,NA,NA,16158542.805100186,NA,NA,NA,NA,NA,784,NA,478,NA,36.37051443628009,0.017759920126704982,NA,52.099999999999994,NA,5.09,183.35,1476465.3215636823,NA,NA,0,0,0,735.8999999999999,NA,453.6,NA,147,148.46999999999997,1.2946668420765475,0.6387256083245562,45.884880652490835,frenchguiana,0.061352040816326704,0.05104602510460246,0.05619903296046458,2
frenchguiana_51,frenchguiana,mu0.1k2,0.1,2,0.82,0.61,b,200,13,38,727,NA,NA,NA,NA,NA,18433879.781420767,NA,NA,NA,NA,NA,776,NA,361,NA,39.64166254221499,0.03897733033244187,NA,8.8,NA,4.63,NA,15522786.885245904,NA,NA,0,0,32,719.0000000000001,NA,261.70000000000005,NA,1.5,6.299999999999972,1.2696520225994479,0.9970940645404743,46.033506024940046,frenchguiana,0.07345360824742253,0.2750692520775622,0.17426143016249238,2
frenchguiana_82,frenchguiana,mu0.2k2,0.2,2,1.63,0.61,a,154,15,71.5,961,NA,NA,NA,NA,NA,13566848.816029146,NA,NA,NA,NA,NA,856,NA,347,NA,13.585675841209063,NA,NA,7.3,NA,4.33,980,19423679.41712204,NA,NA,0,0,0,807.9000000000001,NA,328.99999999999994,NA,15,42.9999999999997,2.7535311139809964,1.0139082974926927,46.00097460852291,frenchguiana,0.056191588785046626,0.05187319884726241,0.05403239381615452,2
frenchguiana_52,frenchguiana,mu0.4k2,0.4,2,3.26,0.61,a,154,11,66,908,NA,NA,NA,NA,NA,13213989.071038252,NA,NA,NA,NA,NA,560,NA,546,NA,28.43212937573285,NA,NA,38.15,NA,5.595000000000001,417.2,23653770.49180328,NA,NA,0,0,0,530.5,NA,509.29999999999995,NA,62.5,206.24999999999946,1.7659460410251042,0.8073645491011672,45.72648777807702,frenchguiana,0.05267857142857143,0.0672161172161173,0.05994734432234436,2
frenchguiana_53,frenchguiana,mu0.6k2,0.6,2,4.9,0.61,c,312,14,78,1295,NA,NA,NA,NA,NA,29071384.33515483,NA,NA,NA,NA,NA,570,NA,506,NA,17.743229153177907,0.003438017601522328,NA,22.35,NA,4.390000000000001,327.72,9174353.369763207,NA,NA,0,0,12,497.3,NA,470.59999999999997,NA,99,280.1700000000021,-0.050129853012327086,1.319560495558602,45.70575845583928,frenchguiana,0.1275438596491228,0.06996047430830046,0.09875216697871163,2
frenchguiana_54,frenchguiana,mu0.8k2,0.8,2,6.53,0.61,b,190,13,75.5,999,NA,NA,NA,NA,NA,17655154.82695811,NA,NA,NA,NA,NA,773,NA,338,NA,23.06898815875972,0.004087413470961002,NA,59.800000000000004,NA,5.21,755.71,4599344.262295082,NA,NA,0,0,2,728.3000000000001,NA,314.70000000000005,NA,60,177.00000000000048,1.7529383348970122,0.8300691987077333,45.796494399714824,frenchguiana,0.057826649417852434,0.06893491124260341,0.06338078033022793,2
frenchguiana_85,frenchguiana,mu1k2,1,2,8.16,0.61,b,208,15,57.5,894,NA,NA,NA,NA,NA,15200346.083788708,NA,NA,NA,NA,NA,732,NA,400,NA,18.338759003183853,NA,NA,18.6,NA,5.045,644.58,4262496.84741488,NA,NA,0,0,14,687.4,NA,374.29999999999995,NA,37,200.53999999999928,5.154953783782558,0.6211284276094697,46.00087149223157,frenchguiana,0.06092896174863391,0.06425000000000011,0.06258948087431701,2
frenchguiana_57,frenchguiana,mu1.5k2,1.5,2,12.24,0.61,b,188,16,84,1299,NA,NA,NA,NA,NA,16873387.978142083,NA,NA,NA,NA,NA,606,NA,372,NA,24.96973317791108,NA,NA,47.25,NA,5.609999999999999,294,4869692.62295082,NA,NA,0,0,6,573.4999999999999,NA,353.00000000000006,NA,56,155.68000000000026,2.8145672735051197,1.0141087102321371,46.005274073178654,frenchguiana,0.05363036303630382,0.05107526881720415,0.05235281592675399,2
frenchguiana_72,frenchguiana,mu2k2,2,2,16.32,0.61,a,219,13,92.5,1212,NA,NA,NA,NA,NA,11948561.020036433,NA,NA,NA,NA,NA,513,NA,487,NA,35.14158636198495,0.012215698766547321,NA,51.849999999999994,NA,5.1,466.66,5633588.342440803,NA,NA,0,0,6,481.49999999999994,NA,450.90000000000003,NA,90,161.99999999999815,4.598624198611863,1.3285205889193759,46.36452021538475,frenchguiana,0.06140350877192993,0.07412731006160157,0.06776540941676576,2
frenchguiana_76,frenchguiana,mu2.5k2,2.5,2,20.4,0.61,b,168,15,67,938,NA,NA,NA,NA,NA,20377650.273224045,NA,NA,NA,NA,NA,614,NA,302,NA,16.465807039806414,NA,NA,49.7,NA,5.18,322,5286812.38615665,NA,NA,0,0,4,557.8000000000001,NA,276,NA,10.5,24.14999999999967,1.8169762727583874,0.8824127629065744,45.20129870436606,frenchguiana,0.09153094462540705,0.08609271523178808,0.08881182992859757,2
frenchguiana_88,frenchguiana,mu3k2,3,2,24.48,0.61,c,166,14,75.5,757,NA,NA,NA,NA,NA,19903114.754098363,NA,NA,NA,NA,NA,680,NA,513,NA,12.51078354943209,0.00365091891954637,NA,45.8,NA,4.555,1500,9101394.703657,NA,NA,0,0,4,653.1,NA,491.2,NA,45,224.0999999999993,3.781139898100249,0.6600331504288678,45.594382720860864,frenchguiana,0.03955882352941173,0.042495126705653044,0.04102697511753239,2
macae_B24,macae,mu0.1k0.5,0.1,0.5,0.3,0.05,a,1e3,17,42.5,1555.457,8.91,26.35,2.125,6.39,42.62400000000024,77890.7269458333,NA,NA,NA,NA,NA,170,200,NA,NA,25.375042210000295,1.1115880106456775,15.7,14.2,1.2,6.41,16.931199999999986,5680351.87379167,NA,NA,NA,NA,NA,110,100,NA,NA,300,560,27.731468676936544,0.39725160246198976,NA,macae,0.42647058823529416,NA,0.42647058823529416,1
macae_B32,macae,mu0.2k0.5,0.2,0.5,0.6,0.05,a,850,15,42.5,848.012,6.03,22.7,1.795,6.38,2.145999999999937,32454.4695625,NA,NA,NA,NA,NA,160,190,NA,NA,73.70002554141999,0.07956861912732055,34.8,9,0.72,6.54,22.557241379310327,14438981.785,NA,NA,NA,NA,NA,70,90,NA,NA,320,510,76.12641217696469,0.3607293326119389,NA,macae,0.544407894736842,NA,0.544407894736842,1
macae_B34,macae,mu0.4k0.5,0.4,0.5,1.2,0.05,b,1e3,20,42,1247,7,28,2.035,5.98,15.391999999999975,395944.5286125,NA,NA,NA,NA,NA,170,190,NA,NA,31.254679730929773,0.08762731071682674,49.2,15.7,1.33,6.21,18.94400000000003,10423157.6148,NA,NA,NA,NA,NA,50,80,NA,NA,490,590,103.16847611581692,0.4950722768303916,NA,macae,0.6424148606811146,NA,0.6424148606811146,1
macae_B5,macae,mu0.6k0.5,0.6,0.5,1.8,0.05,c,900,23,36.5,1372.58,10.01,54.050000000000004,4.28,6.12,-46.17599999999998,77890.7269375,NA,NA,NA,NA,NA,160,170,NA,NA,30.34595551871,0.08859723117234321,65.2,18.8,1.66,6.25,35.52000000000009,10641235.49432,NA,NA,NA,NA,NA,80,60,NA,NA,560,510,54.16371217884253,0.47379265669140835,NA,macae,0.5735294117647058,NA,0.5735294117647058,1
macae_B43,macae,mu0.8k0.5,0.8,0.5,2.41,0.05,c,850,15,45,1531.034,24.2,33.05,2.73,6.27,-33.15200000000002,149290.559979167,NA,NA,NA,NA,NA,200,160,NA,NA,36.130636351815,0.051240856007893576,44.5,10.9,0.96,5.61,12.178285714285709,14570259.3522,NA,NA,NA,NA,NA,20,20,NA,NA,400,880,43.53475529042306,0.41721230123986824,NA,macae,0.8875,NA,0.8875,1
macae_B33,macae,mu1k0.5,1,0.5,3.01,0.05,b,920,16,42,683.31,74.4,NA,NA,6.24,34.63200000000007,136308.77215,NA,NA,NA,NA,NA,140,190,NA,NA,9.160167738539883,0.06630725628779793,24.8,24.3,2.08,7.1,17.178571428571463,5889646.56095833,NA,NA,NA,NA,NA,50,80,NA,NA,550,690,0.1368632927938318,0.4526300927930261,NA,macae,0.6109022556390977,NA,0.6109022556390977,1
macae_B35,macae,mu1.5k0.5,1.5,0.5,4.51,0.05,b,1e3,22,42.5,2779.673,7.09,27.5,2.455,6.43,-22.20000000000003,701016.5425,NA,NA,NA,NA,NA,170,150,NA,NA,31.241622082769823,0.11898691672892207,52.4,6.4,0.54,6.49,35.710967741935484,11998421.8805455,NA,NA,NA,NA,NA,50,40,NA,NA,690,720,48.39348122906695,0.43382657219330717,NA,macae,0.7196078431372549,NA,0.7196078431372549,1
macae_B16,macae,mu2k0.5,2,0.5,6.02,0.05,a,890,15,40,1372.58,5.89,20.4,1.635,6.3,4.3645642655576466e-14,0,NA,NA,NA,NA,NA,170,190,NA,NA,123.20609608078499,0.04242251731472006,25.7,22.8,1.92,6.76,-20.720000000000002,10964972.17428,NA,NA,NA,NA,NA,80,60,NA,NA,400,290,79.7719496243765,0.35722704484921397,NA,macae,0.6068111455108359,NA,0.6068111455108359,1
macae_B12,macae,mu2.5k0.5,2.5,0.5,7.52,0.05,c,950,21,37,1530.866,9.86,21.1,1.6600000000000001,6.06,68.67200000000008,1596759.90239167,NA,NA,NA,NA,NA,160,190,NA,NA,48.099650280555,0.060926572277444815,16.6,9.7,0.87,6.27,-20.9890909090909,9783796.58605,NA,NA,NA,NA,NA,70,90,NA,NA,690,350,18.305346800304267,0.4157363923725339,NA,macae,0.544407894736842,NA,0.544407894736842,1
macae_B37,macae,mu3k0.5,3,0.5,9.02,0.05,b,1e3,18,41,999.172,5.73,31.9,2.415,5.82,-7.696000000000019,3550518.97009167,NA,NA,NA,NA,NA,200,180,NA,NA,36.93743743637,0.044955654100277735,37.1,17.8,1.51,6.65,4.884000000000027,10570771.2973182,NA,NA,NA,NA,NA,50,80,NA,NA,350,730,45.55157460387371,0.512313883099214,NA,macae,0.6527777777777778,NA,0.6527777777777778,1
macae_B36,macae,mu0.1k1,0.1,1,0.3,0.1,b,900,17,34,1131.889,3.47,15.15,1.1949999999999998,6.22,-11.248000000000129,0,NA,NA,NA,NA,NA,160,190,NA,NA,23.676492957915,0.015366250869755883,59.2,22.9,1.96,6.26,8.22222222222223,12731701.5306667,NA,NA,NA,NA,NA,70,70,NA,NA,330,670,82.04521095575035,0.41226486375559407,NA,macae,0.5970394736842105,NA,0.5970394736842105,1
macae_B8,macae,mu0.2k1,0.2,1,0.6,0.1,b,1e3,19,32.5,1449.065,4.04,15.4,1.26,6.26,7.696000000000019,6490.8939125,NA,NA,NA,NA,NA,190,170,NA,NA,19.27528786693125,0.06934886621309141,49,18.1,1.53,6.13,20.82962962962962,11416073.8435909,NA,NA,NA,NA,NA,130,110,NA,NA,460,530,90.52400945953943,0.40582423472760604,NA,macae,0.33436532507739936,NA,0.33436532507739936,1
macae_B3,macae,mu0.4k1,0.4,1,1.2,0.1,a,1e3,18,42,1382.761,3.8,25.75,1.99,6,-4.440000000000282,77890.72695,NA,NA,NA,NA,NA,190,200,NA,NA,114.892634503225,0.10575750799590701,61.9,13.7,1.09,6.4,-16.491428571428596,15498644.7756522,NA,NA,NA,NA,NA,40,70,NA,NA,490,960,20.22939280248903,0.4563600118742783,NA,macae,0.7197368421052632,NA,0.7197368421052632,1
macae_B22,macae,mu0.6k1,0.6,1,1.8,0.1,c,1400,17,41,1243.253,2.69,13.25,1.07,6.15,138.82399999999996,19472.6817375,NA,NA,NA,NA,NA,150,170,NA,NA,40.012505024149995,0.027598246009355353,16,10.1,0.88,5.59,-15.78666666666671,5363583.53989474,NA,NA,NA,NA,NA,70,110,NA,NA,620,620,81.63893395722144,0.5365644517835537,NA,macae,0.44313725490196076,NA,0.44313725490196076,1
macae_B42,macae,mu0.8k1,0.8,1,2.41,0.1,c,1e3,11,45,1728.976,5.47,11.35,1.05,6.24,-42.55000000000006,168763.241716667,NA,NA,NA,NA,NA,180,160,NA,NA,27.474468207795,0.0512967098669785,28.3,15.9,1.2,5.77,13.895555555555548,10966254.5317143,NA,NA,NA,NA,NA,80,60,NA,NA,510,1680,41.87292153812017,0.3762122533197672,NA,macae,0.5902777777777778,NA,0.5902777777777778,1
macae_B9,macae,mu1k1,1,1,3.01,0.1,c,1e3,19,38,1358.606,3.52,10.45,0.855,6.29,-16.798,123326.984333333,NA,NA,NA,NA,NA,180,180,NA,NA,33.438843566385,0.03924870391024703,30.4,20.8,1.9,7.44,11.156923076923073,10147495.2189565,NA,NA,NA,NA,NA,70,80,NA,NA,370,1570,54.84432145507445,0.430849021615738,NA,macae,0.5833333333333334,NA,0.5833333333333334,1
macae_B23,macae,mu1.5k1,1.5,1,4.51,0.1,c,1250,17,42,967.012,4.48,39.85,2.9349999999999996,6.45,-32.55999999999991,5595150.5525,NA,NA,NA,NA,NA,170,150,NA,NA,45.069960927715,0.05491735414413097,47.1,5.2,0.48,7.85,-15.06909090909093,16204574.608125,NA,NA,NA,NA,NA,10,60,NA,NA,250,590,49.92731389187166,0.39622399342062714,NA,macae,0.7705882352941176,NA,0.7705882352941176,1
macae_B10,macae,mu2k1,2,1,6.02,0.1,b,1e3,18,33,1151.492,2.72,16.7,1.29,6.52,4.292000000000046,1551323.64513333,NA,NA,NA,NA,NA,190,160,NA,NA,24.734282139239998,0.11975593071188421,26.5,6.7,0.59,6.75,39.46666666666667,6196747.49881818,NA,NA,NA,NA,NA,70,70,NA,NA,440,530,29.22785472814016,0.4579854714283643,NA,macae,0.5970394736842105,NA,0.5970394736842105,1
macae_B27,macae,mu2.5k1,2.5,1,7.52,0.1,a,1e3,15,41,1099.824,4.13,20.5,1.7349999999999999,6.55,-26.343999999999998,6490.8939125,NA,NA,NA,NA,NA,200,150,NA,NA,51.18298745478643,0.197761735298826,86.2,27.5,2.23,6.77,24.863999999999976,16975602.04,NA,NA,NA,NA,NA,70,70,NA,NA,700,580,193.69188142087478,0.4519475878969506,NA,macae,0.5916666666666667,NA,0.5916666666666667,1
macae_B31,macae,mu3k1,3,1,9.02,0.1,a,950,17,38.5,1217.259,3.89,20.2,1.51,6.13,-63.49199999999996,32454.4695583333,NA,NA,NA,NA,NA,150,180,NA,NA,94.84327970697998,0.045560189986844024,15.6,7.9,0.67,6.64,15.881538461538444,10212075.69132,NA,NA,NA,NA,NA,30,120,NA,NA,890,510,54.22834367733898,0.33293223857779497,NA,macae,0.5666666666666667,NA,0.5666666666666667,1
macae_B2,macae,mu0.1k2,0.1,2,0.3,0.19,a,900,15,44.5,918.473,4.86,38.55,2.895,5.75,-6.16173778666962e-14,38945.363475,NA,NA,NA,NA,NA,160,170,NA,NA,52.873190710926494,0.4380091170442917,11.8,17.1,1.41,6.24,-45.954000000000065,14689821.8611111,NA,NA,NA,NA,NA,60,30,NA,NA,140,690,153.2669324328255,0.44282413662864384,NA,macae,0.7242647058823529,NA,0.7242647058823529,1
macae_B11,macae,mu0.2k2,0.2,2,0.6,0.19,c,1050,21,32,788.073,6.71,24.85,1.935,6.02,-47.65600000000021,889252.465983333,NA,NA,NA,NA,NA,180,160,NA,NA,27.565799531219998,0.02909972916240315,24,16.2,1.44,5.21,5.623999999999991,9896984.72444,NA,NA,NA,NA,NA,70,70,NA,NA,410,390,64.28520645394964,0.42887245242800365,NA,macae,0.5868055555555556,NA,0.5868055555555556,1
macae_B28,macae,mu0.4k2,0.4,2,1.2,0.19,c,900,23,41.5,1201.031,4,29.8,2.3499999999999996,6.09,-194.76800000000006,194726.817354167,NA,NA,NA,NA,NA,150,180,NA,NA,25.269975252949997,0.01646690044584125,28,20.8,1.79,6.34,-12.188235294117664,14133012.025,NA,NA,NA,NA,NA,50,90,NA,NA,430,1460,118.43726733974047,0.3701142492009364,NA,macae,0.5833333333333333,NA,0.5833333333333333,1
macae_B40,macae,mu0.6k2,0.6,2,1.8,0.19,b,1e3,18,49.5,979.968,2.16,20.05,1.58,5.91,9.24260668000443e-14,3031247.457075,NA,NA,NA,NA,NA,180,190,NA,NA,25.067708927044997,0.04839230919456219,33.8,24.5,2.12,6.62,-22.364444444444445,9473853.35252,NA,NA,NA,NA,NA,50,10,NA,NA,280,570,22.95568970691675,0.5029722922955516,NA,macae,0.8347953216374269,NA,0.8347953216374269,1
macae_B41,macae,mu0.8k2,0.8,2,2.41,0.19,b,1200,16,47,978.721,4.83,35.25,2.8449999999999998,5.87,18.94400000000005,266126.650395833,NA,NA,NA,NA,NA,210,200,NA,NA,34.30134678628,0.07947333901476392,32.4,12.4,1.08,6.34,19.63846153846156,5894906.77652632,NA,NA,NA,NA,NA,NA,70,NA,NA,310,660,103.02472364948744,0.3967222560101195,NA,macae,0.65,NA,0.65,1
macae_B29,macae,mu1k2,1,2,3.01,0.19,a,1e3,20,38,2182,4.33,14.549999999999999,1.225,6.12,4.44000000000003,298581.1199625,NA,NA,NA,NA,NA,160,180,NA,NA,49.48590373846999,0.04155513973834234,22.2,25.3,2.15,6.79,-2.2455172413793165,11737747.7349444,NA,NA,NA,NA,NA,80,60,NA,NA,460,470,87.49714877742343,0.2848232362223836,NA,macae,0.5833333333333333,NA,0.5833333333333333,1
macae_B39,macae,mu1.5k2,1.5,2,4.51,0.19,b,1e3,15,43,826.667,17.1,16.5,1.385,6.22,24.864000000000097,447871.679916667,NA,NA,NA,NA,NA,160,130,NA,NA,13.992795686485085,0.10949108090537173,22.8,16.4,1.44,6.96,58.9153846153846,11109897.7548696,NA,NA,NA,NA,NA,50,50,NA,NA,830,650,31.45584284381964,0.5212812540002728,NA,macae,0.6514423076923077,NA,0.6514423076923077,1
macae_B15,macae,mu2k2,2,2,6.02,0.19,a,890,17,37,1142.153,11.5,19.950000000000003,1.7,6.27,5.920000000000066,292090.226033333,NA,NA,NA,NA,NA,210,200,NA,NA,21.8082425284145,0.0890985415955176,24.6,6.4,0.54,6.84,19.12615384615384,14567207.2717895,NA,NA,NA,NA,NA,100,100,NA,NA,550,670,61.905506612768946,0.4511915776498494,NA,macae,0.5119047619047619,NA,0.5119047619047619,1
macae_B14,macae,mu2.5k2,2.5,2,7.52,0.19,a,1e3,20,35,920.892,6.69,23.3,1.8450000000000002,5.63,-15.096000000000018,804870.845075,NA,NA,NA,NA,NA,170,160,NA,NA,58.417825608514995,0.14541374794620668,62.6,6.7,0.57,6.7,11.562500000000012,11146705.8091176,NA,NA,NA,NA,NA,60,20,NA,NA,620,1250,25.700555489185373,0.5374990792425064,NA,macae,0.7610294117647058,NA,0.7610294117647058,1
macae_B6,macae,mu3k2,3,2,9.02,0.19,c,1200,17,38,1266.959,3.66,21.25,1.66,6.3,-15.391999999999776,3745245.78758333,NA,NA,NA,NA,NA,170,160,NA,NA,40.060874843865,0.03147187541295132,53.5,10.7,0.95,6.69,137.475555555556,13142389.44252,NA,NA,NA,NA,NA,60,80,NA,NA,700,610,11.95011781747568,0.33682290549551724,NA,macae,0.5735294117647058,NA,0.5735294117647058,1
puertorico_5,puertorico,mu0.1k0.5,0.1,0.5,0.99,0.13,b,396,31,89,1658.09,147.7,NA,NA,3,NA,NA,NA,NA,NA,NA,NA,0.233,NA,0.437,NA,NA,NA,NA,NA,NA,5.655,NA,NA,NA,NA,NA,NA,NA,0.1594,NA,0.2833,NA,0,207.15,0.93507751663758,0.637216572794223,47.2165427346592,puertorico,0.31587982832618033,0.3517162471395881,0.3337980377328842,2
puertorico_18,puertorico,mu0.1k1,0.1,1,0.99,0.26,c,310,23,75.5,1057.7,73.27,NA,NA,5.3,NA,NA,NA,NA,NA,NA,NA,0.293,NA,0.382,NA,NA,NA,151.6,NA,NA,4.56,NA,16806745.375244398,NA,NA,NA,NA,NA,0.2234,NA,0.1057,NA,30,276.9,-1.61496343871611,0.49481356673601,47.6962147234541,puertorico,0.23754266211604094,0.7232984293193717,0.4804205457177063,2
puertorico_12,puertorico,mu0.1k2,0.1,2,0.99,0.52,c,395,35,78.5,1384.17,NA,NA,NA,NA,NA,NA,NA,NA,NA,NA,NA,0.274,NA,0.406,NA,NA,NA,194.5,NA,NA,NA,NA,61310148.142577834,NA,NA,NA,NA,NA,0.2093,NA,0.2296,NA,56,449.15,6.62285631681874,0.602969878308733,46.2406917496578,puertorico,0.23613138686131388,0.4344827586206897,0.3353070727410018,2
puertorico_15,puertorico,mu0.2k0.5,0.2,0.5,1.98,0.13,c,388,32,79,1187.76,NA,NA,NA,NA,NA,NA,NA,NA,NA,NA,NA,0.286,NA,0.379,NA,NA,NA,176.7,NA,NA,4.65,NA,81722375.54519477,NA,NA,NA,NA,NA,0.2208,NA,0.1549,NA,13,450.45000000000005,-0.614671130262452,0.570581263266191,47.5597544503123,puertorico,0.22797202797202792,0.5912928759894459,0.40963245198073694,2
puertorico_29,puertorico,mu0.2k1,0.2,1,1.98,0.26,b,444,34,63,1595.71,110.8,NA,NA,8.5,NA,NA,NA,NA,NA,NA,NA,0.249,NA,0.359,NA,NA,NA,137.9,NA,NA,3.24,NA,30177545.495563243,NA,NA,NA,NA,NA,0.1966,NA,0.1959,NA,114,352.75,0.428893380669583,0.717987813989246,47.7852216370156,puertorico,0.2104417670682731,0.4543175487465181,0.3323796579073956,2
puertorico_10,puertorico,mu0.2k2,0.2,2,1.98,0.52,a,234,18,93.5,1029.78,99.44,NA,NA,5.5,NA,NA,NA,NA,NA,NA,NA,0.266,NA,0.411,NA,NA,NA,157,NA,NA,5.125,NA,25345747.480824187,NA,NA,NA,NA,NA,0.2022,NA,0.1905,NA,0,221.85,1.7290721156013,0.506520435837349,46.3216911761018,puertorico,0.23984962406015045,0.5364963503649635,0.38817298721255694,2
puertorico_17,puertorico,mu0.4k0.5,0.4,0.5,3.96,0.13,b,320,26,88.5,1190.84,111.8,NA,NA,4.6,NA,NA,NA,NA,NA,NA,NA,0.261,NA,0.458,NA,NA,NA,NA,NA,NA,3.78,NA,NA,NA,NA,NA,NA,NA,0.1853,NA,0.2055,NA,5,386.40000000000003,-0.925627189932653,0.493812085150288,43.413882797457,puertorico,0.29003831417624526,0.5513100436681224,0.42067417892218384,2
puertorico_28,puertorico,mu0.4k1,0.4,1,3.96,0.26,a,438,25,101,985.12,134.7,NA,NA,5.1,NA,NA,NA,NA,NA,NA,NA,0.32,NA,0.368,NA,NA,NA,137.2,NA,NA,3.44,NA,16654162.280042112,NA,NA,NA,NA,NA,0.2573,NA,0.1311,NA,78,141.9,0.661355677704588,0.895376517572452,45.1073516668372,puertorico,0.1959375000000001,0.64375,0.41984375000000007,2
puertorico_6,puertorico,mu0.4k2,0.4,2,3.96,0.52,c,470,30,86,1054.48,57.93,NA,NA,NA,NA,NA,NA,NA,NA,NA,NA,0.283,NA,0.441,NA,NA,NA,132.6,NA,NA,3.61,NA,33393092.94630772,NA,NA,NA,NA,NA,0.2095,NA,0.2169,NA,21,441.75,0.600975860292898,0.625308397221919,41.3151457242794,puertorico,0.25971731448763247,0.5081632653061224,0.38394028989687745,2
puertorico_27,puertorico,mu0.6k0.5,0.6,0.5,5.94,0.13,c,376,24,72,1390.4,NA,NA,NA,NA,NA,NA,NA,NA,NA,NA,NA,0.264,NA,0.436,NA,NA,NA,109.6,NA,NA,3.295,NA,44085212.061964214,NA,NA,NA,NA,NA,0.1951,NA,0.1894,NA,27,429.35,3.13592186129366,0.654108818543734,46.2995090501086,puertorico,0.26098484848484854,0.5655963302752294,0.41329058938003893,2
puertorico_1,puertorico,mu0.6k1,0.6,1,5.94,0.26,a,390,29,87.5,1499.06,169.8,NA,NA,5.8,NA,NA,NA,NA,NA,NA,NA,0.254,NA,0.422,NA,NA,NA,138,NA,NA,3.24,NA,43265784.328470446,NA,NA,NA,NA,NA,0.1982,NA,0.1953,NA,46,533.65,3.66323893335575,0.604769866530157,47.8450918682431,puertorico,0.2196850393700788,0.5372037914691943,0.3784444154196365,2
puertorico_22,puertorico,mu0.6k2,0.6,2,5.94,0.52,a,284,21,70.5,830.65,NA,NA,NA,NA,NA,NA,NA,NA,NA,NA,NA,0.249,NA,0.393,NA,NA,NA,182.3,NA,NA,NA,NA,52974590.16393443,NA,NA,NA,NA,NA,0.1786,NA,0.097,NA,41,496.75,2.60759845894138,0.792714906994015,45.7998639486172,puertorico,0.2827309236947791,0.7531806615776082,0.5179557926361936,2
puertorico_7,puertorico,mu0.8k0.5,0.8,0.5,7.92,0.13,a,232,21,104.5,1359.84,128.1,NA,NA,5.6,NA,NA,NA,NA,NA,NA,NA,0.292,NA,0.417,NA,NA,NA,NA,NA,NA,4.935,NA,NA,NA,NA,NA,NA,NA,0.2278,NA,0.286,NA,0,109.25,1.87197101680896,0.58961166167359,43.2836899067936,puertorico,0.21986301369863007,0.3141486810551559,0.267005847376893,2
puertorico_9,puertorico,mu0.8k1,0.8,1,7.92,0.26,c,466,19,80.5,1018.53,148.4,NA,NA,3.3,NA,NA,NA,NA,NA,NA,NA,0.228,NA,0.355,NA,NA,NA,180.2,NA,NA,2.71,NA,45271969.4690931,NA,NA,NA,NA,NA,0.1103,NA,0.0812,NA,59,563.4,1.23697660369603,0.546045131755368,48.2782615363821,puertorico,0.5162280701754386,0.7712676056338028,0.6437478379046206,2
puertorico_30,puertorico,mu0.8k2,0.8,2,7.92,0.52,c,350,19,54.5,762.74,NA,NA,NA,NA,NA,NA,NA,NA,NA,NA,NA,0.286,NA,0.394,NA,NA,NA,154.6,NA,NA,NA,NA,48764426.98150098,NA,NA,NA,NA,NA,0.1894,NA,0.1053,NA,117,385.6667,3.99935325028082,0.454678171808952,48.1661188162142,puertorico,0.3377622377622377,0.7327411167512691,0.5352516772567534,2
puertorico_19,puertorico,mu1k0.5,1,0.5,9.9,0.13,a,490,25,84.5,1214.48,2265,NA,NA,5.6,NA,NA,NA,NA,NA,NA,NA,0.268,NA,0.409,NA,NA,NA,147.2,NA,NA,NA,NA,18434298.39073545,NA,NA,NA,NA,NA,0.1847,NA,0.1676,NA,5,575.75,1.64454037122493,0.612738196737062,45.503160413449,puertorico,0.31082089552238806,0.5902200488997554,0.4505204722110717,2
puertorico_11,puertorico,mu1k1,1,1,9.9,0.26,b,320,22,73,821.14,NA,NA,NA,NA,NA,NA,NA,NA,NA,NA,NA,0.312,NA,0.397,NA,NA,NA,136.5,NA,NA,3.57,NA,21282516.16784479,NA,NA,NA,NA,NA,0.2204,NA,0.1564,NA,85,300.9,-0.0531388283337389,0.608001716630927,44.6538446838703,puertorico,0.29358974358974355,0.6060453400503778,0.4498175418200607,2
puertorico_16,puertorico,mu1k2,1,2,9.9,0.52,a,274,23,112,1464.25,-9.093,NA,NA,NA,NA,NA,NA,NA,NA,NA,NA,0.255,NA,0.432,NA,NA,NA,138.9,NA,NA,4.365,NA,22655764.024665367,NA,NA,NA,NA,NA,0.1677,NA,0.1902,NA,0,343.9,1.49660981856629,1.08491531951147,45.2035157879406,puertorico,0.34235294117647064,0.5597222222222222,0.45103758169934643,2
puertorico_2,puertorico,mu1.5k0.5,1.5,0.5,14.84,0.13,b,550,23,76.5,1470.49,151.6,NA,NA,4.4,NA,NA,NA,NA,NA,NA,NA,0.318,NA,0.392,NA,NA,NA,109.4,NA,NA,3.81,NA,26323409.535268463,NA,NA,NA,NA,NA,0.228,NA,0.1851,NA,62,481.45,3.35027021310516,0.576087468805556,44.812887255981,puertorico,0.2830188679245283,0.5278061224489796,0.40541249518675393,2
puertorico_13,puertorico,mu1.5k1,1.5,1,14.84,0.26,a,390,21,66.5,626.76,117.9,NA,NA,5.7,NA,NA,NA,NA,NA,NA,NA,0.32,NA,0.449,NA,NA,NA,159.8,NA,NA,3.925,NA,15388287.712437961,NA,NA,NA,NA,NA,0.241,NA,0.1508,NA,206,543.75,7.73485128748402,0.627300115499774,47.3299428636858,puertorico,0.24687500000000004,0.6641425389755011,0.4555087694877506,2
puertorico_3,puertorico,mu1.5k2,1.5,2,14.84,0.52,c,380,27,70.5,1015.1,NA,NA,NA,NA,NA,NA,NA,NA,NA,NA,NA,0.267,NA,0.421,NA,NA,NA,NA,NA,NA,NA,NA,NA,NA,NA,NA,NA,NA,0.2044,NA,0.263,NA,0,145.2,7.14715439801024,0.465084507727534,46.8461853858859,puertorico,0.23445692883895136,0.3752969121140142,0.3048769204764828,2
puertorico_14,puertorico,mu2k0.5,2,0.5,19.79,0.13,b,410,25,86.5,1458.95,NA,NA,NA,NA,NA,NA,NA,NA,NA,NA,NA,0.227,NA,0.416,NA,NA,NA,NA,NA,NA,4.44,NA,NA,NA,NA,NA,NA,NA,0.1825,NA,0.2388,NA,10,303.35,0.108880348387628,0.580006693123119,45.814404216865,puertorico,0.19603524229074895,0.4259615384615384,0.3109983903761437,2
puertorico_23,puertorico,mu2k1,2,1,19.79,0.26,b,230,16,65,820.02,144.6,NA,NA,5.7,NA,NA,NA,NA,NA,NA,NA,0.262,NA,0.377,NA,NA,NA,189.6,NA,NA,NA,NA,22655764.024665363,NA,NA,NA,NA,NA,0.1762,NA,0.1196,NA,70,227.25,-0.440575990058747,0.73876778905946106,48.187475020054,puertorico,0.3274809160305344,0.6827586206896552,0.5051197683600948,2
puertorico_25,puertorico,mu2k2,2,2,19.79,0.52,a,314,19,83,937.49,137.5,NA,NA,5.4,NA,NA,NA,NA,NA,NA,NA,0.282,NA,0.381,NA,NA,NA,136.9,NA,NA,5.23,NA,42824988.72010829,NA,NA,NA,NA,NA,0.208,NA,0.142,NA,35,374.40000000000003,-0.107480664004259,0.632239481277867,45.783077632579,puertorico,0.2624113475177305,0.6272965879265092,0.4448539677221198,2
puertorico_26,puertorico,mu2.5k0.5,2.5,0.5,24.74,0.13,b,300,26,66,884.56,95.33,NA,NA,NA,NA,NA,NA,NA,NA,NA,NA,0.283,NA,0.34,NA,NA,NA,140.9,NA,NA,NA,NA,29934542.78838923,NA,NA,NA,NA,NA,0.2094,NA,0.181,NA,60,414.54999999999995,1.47849587334279,0.578979114509927,45.7305160136433,puertorico,0.2600706713780918,0.46764705882352947,0.36385886510081067,2
puertorico_4,puertorico,mu2.5k1,2.5,1,24.74,0.26,a,250,21,78.5,1224.71,304.2,NA,NA,5.2,NA,NA,NA,NA,NA,NA,NA,0.26,NA,0.415,NA,NA,NA,140.8,NA,NA,NA,NA,14156320.499323208,NA,NA,NA,NA,NA,0.1823,NA,0.113,NA,47,516.2,3.95205572664167,0.459399123139497,44.498952678227496,puertorico,0.29884615384615393,0.727710843373494,0.513278498609824,2
puertorico_8,puertorico,mu2.5k2,2.5,2,24.74,0.52,b,372,27,70,1011.84,NA,NA,NA,NA,NA,NA,NA,NA,NA,NA,NA,0.313,NA,0.419,NA,NA,NA,139.3,NA,NA,4.465,NA,51477015.340652734,NA,NA,NA,NA,NA,0.2469,NA,0.1946,NA,77,381.55,2.74647203898827,0.779967554498877,44.4163931025688,puertorico,0.21118210862619805,0.5355608591885441,0.37337148390737107,2
puertorico_21,puertorico,mu3k0.5,3,0.5,29.69,0.13,c,278,24,81,668.6,32,NA,NA,NA,NA,NA,NA,NA,NA,NA,NA,0.222,NA,0.361,NA,NA,NA,203.6,NA,NA,3.05,NA,25300537.67483832,NA,NA,NA,NA,NA,0.16,NA,0.1125,NA,29,253.9,3.67531489683809,0.655810748914485,43.7482491520998,puertorico,0.27927927927927926,0.6883656509695291,0.4838224651244042,2
puertorico_24,puertorico,mu3k1,3,1,29.69,0.26,c,230,16,76,792.45,122.4,NA,NA,5.2,NA,NA,NA,NA,NA,NA,NA,0.276,NA,0.355,NA,NA,NA,249.7,NA,NA,4.375,NA,31629910.512859084,NA,NA,NA,NA,NA,0.1907,NA,0.0729,NA,43,192.39999999999998,35.3767316985555,0.732224988972952,43.3434147323911,puertorico,0.3090579710144928,0.7946478873239436,0.5518529291692182,2
puertorico_20,puertorico,mu3k2,3,2,29.69,0.52,b,362,34,80.5,888.34,NA,NA,NA,NA,NA,NA,NA,NA,NA,NA,NA,0.289,NA,0.385,NA,NA,NA,143.4,NA,NA,4.86,NA,60287276.28214769,NA,NA,NA,NA,NA,0.2169,NA,0.1163,NA,34,273.84999999999997,2.71728846057262,0.51826884786492,42.3227766027119,puertorico,0.2494809688581314,0.6979220779220779,0.4737015233901047,2
costarica_37,costarica,mu0.1k0.5,0.1,0.5,1.34,0.27,b,117,22,76.05,1691.1,133.1,42,3.5,6.84,606.171,13515829.727444086,NA,NA,NA,NA,NA,347,354,NA,NA,10.937746616752326,NA,2120,52,4.2,6.11,20.029773,802502.3900669926,28,0,0,NA,NA,255,241,NA,NA,25,900,8.55725234666337,0.4518524846008767,44.248292589868875,costarica,0.29216936127257037,NA,0.29216936127257037,1
costarica_18,costarica,mu0.2k0.5,0.2,0.5,2.68,0.27,b,175,19,96.5,2010.6,111,70,5.9,5.74,381.1989,17493783.39064469,NA,NA,NA,NA,NA,365,363,NA,NA,11.824940845478805,NA,2227,57,4.6,6.34,22.97013,2272348.872926537,107,0,18,NA,NA,264,198,NA,NA,31,525,7.134937129757045,0.49079851888321646,43.916957616868515,costarica,0.36562889165628887,NA,0.36562889165628887,1
costarica_33,costarica,mu0.4k0.5,0.4,0.5,5.36,0.27,c,145,14,89,1016.3,73.82,50,4.1,7.11,279.4074,6420019.120535941,NA,NA,NA,NA,NA,403,443,NA,NA,18.21214413651043,NA,2097,44,3.7,6.17,15.473637,26541710.627268326,NA,NA,NA,NA,NA,260,304,NA,NA,17.5,667,7.44273660385417,0.4946674388606203,43.45254668777372,costarica,0.3343042306852108,NA,0.3343042306852108,1
costarica_29,costarica,mu0.6k0.5,0.6,0.5,8.04,0.27,c,195,27,112,1207.7,118.5,69,5.7,6.12,499.9986,2331480.6279841047,NA,NA,NA,NA,NA,396,355,NA,NA,13.571889611398172,NA,1174,75,6.2,6.04,9.023406,489948.8276198481,6,0,17,NA,NA,223,215,NA,NA,41,1200,12.269957767880657,0.43365176906481084,43.4812125027917,costarica,0.4156174420258927,NA,0.4156174420258927,1
costarica_21,costarica,mu0.8k0.5,0.8,0.5,10.73,0.27,a,220,38,120.5,2537.7,160.7,53,4.4,5.9,763.1103,31001934.43732487,NA,NA,NA,NA,NA,422,511,NA,NA,9.209971830364308,NA,1123,65,5.3,5.72,11.829759000000001,954555.47450073855,21,0,9,NA,NA,298,323,NA,NA,66.5,900,7.843077096307295,0.4067385872847315,43.84295411918546,costarica,0.33087246454772257,NA,0.33087246454772257,1
costarica_17,costarica,mu1k0.5,1,0.5,13.41,0.27,c,205,24,111,1840.6,92.2,63,5.3,5.9,312.6507,1792369.6592093946,NA,NA,NA,NA,NA,555,486,NA,NA,8.616730701679534,NA,938.1,57,4.7,6.02,6.327864000000001,3421194.399759284,49,0,150,NA,NA,329,350,NA,NA,50,1200,5.8282981857957195,0.4736097146251155,43.547307637439935,costarica,0.34352129907685464,NA,0.34352129907685464,1
costarica_24,costarica,mu1.5k0.5,1.5,0.5,20.11,0.27,a,160,33,92,1770.221,125,76,6.4,5.45,561.8466000000001,46578928.198204175,NA,NA,NA,NA,NA,292,445,NA,NA,1.712298366873697,NA,724.6,33,2.7,6.04,6.907689,4012511.950334963,15,0,26,NA,NA,204,299,NA,NA,46,1350,2.1266574515557792,0.4102332124261836,43.81006582119303,costarica,0.314729875327074,NA,0.314729875327074,1
costarica_11,costarica,mu2k0.5,2,0.5,26.82,0.27,b,200,27,105.5,2157.7,113.3,52,4.3,5.71,388.4145000000001,2638658.6070529018,NA,NA,NA,NA,NA,366,403,NA,NA,5.578787694015613,NA,387.9,40,3.2,6.54,0.8646240000000001,2390612.383041673,NA,NA,NA,NA,NA,104,288,NA,NA,32,1e3,2.829768014934507,0.48068479669149655,43.54192882930636,costarica,0.5006033980121765,NA,0.5006033980121765,1
costarica_36,costarica,mu2.5k0.5,2.5,0.5,33.52,0.27,c,165,25,89.76,2011.3,89.35,60,5,6.09,288.6846,13211723.558576593,NA,NA,NA,NA,NA,372,303,NA,NA,7.796143068004643,NA,1130,46,3.8,6.09,9.837737999999998,895423.7194431706,8,1,4,NA,NA,261,189,NA,NA,62.5,975,12.184457913964788,0.46151138745660314,44.037294080876244,costarica,0.3373123602682849,NA,0.3373123602682849,1
costarica_10,costarica,mu3k0.5,3,0.5,40.22,0.27,a,200,27,105,1711.3,113.6,61,5.1,6.07,461.34360000000004,28974559.97820826,NA,NA,NA,NA,NA,547,547,NA,NA,15.308542777685757,NA,1766,50,4.1,6.53,13.74447,2339928.0215637577,30,0,71,NA,NA,372,398,NA,NA,57,500,5.832321708332936,0.39650984417093166,43.71980576792289,costarica,0.2961608775137111,NA,0.2961608775137111,1
costarica_4,costarica,mu0.1k1,0.1,1,1.34,0.53,c,210,29,107,2499.3,97.94,66,5.5,4.85,384.8067,16979261.095101632,NA,NA,NA,NA,NA,426,395,NA,NA,13.545388922621848,NA,2423,20,1.7,6.15,23.69169,14766043.977232665,104,0,41,NA,NA,290,239,NA,NA,85,1200,4.298353741018831,0.427731884041285,43.014766209345765,costarica,0.3570927675759197,NA,0.3570927675759197,1
costarica_31,costarica,mu0.2k1,0.2,1,2.68,0.53,b,205,28,101.18,2278.1,110.8,53,4.4,7.1,580.1433000000001,3581694.8777726823,NA,NA,NA,NA,NA,412,483,NA,NA,12.05150830383352,NA,2261,48,3.8,5.97,22.40319,1655689.1416119006,28,0,108,NA,NA,247,329,NA,NA,72.5,450,4.523671003103001,0.47703401206326357,43.003366485756295,costarica,0.3596630083016744,NA,0.3596630083016744,1
costarica_35,costarica,mu0.4k1,0.4,1,5.36,0.53,a,182,26,94.61,2124.7,134.7,45,3.7,7.16,539.1690000000001,29667246.251739766,NA,NA,NA,NA,NA,303,428,NA,NA,11.427336975646101,NA,2372,36,2.9,5.99,20.730717,709581.0606908145,9,0,2,NA,NA,204,238,NA,NA,36,1800,10.359790443336731,0.5064000916873336,43.25096478549581,costarica,0.3853289534560933,NA,0.3853289534560933,1
costarica_26,costarica,mu0.6k1,0.6,1,8.04,0.53,c,125,21,75.5,1763.4,144.2,52,4.3,6.13,549.2193,6105161.784911754,NA,NA,NA,NA,NA,372,307,NA,NA,11.389021012033107,NA,964.8,43,3.6,6.05,12.474008999999999,1174187.7075717049,45,0,37,NA,NA,255,264,NA,NA,51,600,12.726627575854822,0.37176113975125674,43.451767965614955,costarica,0.22729063780603131,NA,0.22729063780603131,1
costarica_27,costarica,mu0.8k1,0.8,1,10.73,0.53,a,190,24,108.5,2521.2,104.1,83,6.9,6.02,421.91550000000007,2894077.040388965,NA,NA,NA,NA,NA,349,362,NA,NA,5.911110447673306,NA,1349,45,3.7,5.76,16.965719999999997,751818.0285890773,NA,NA,NA,NA,NA,242,262,NA,NA,72.5,1e3,2.138728019167431,0.4801448642432089,43.24717636762383,costarica,0.29141667590115405,NA,0.29141667590115405,1
costarica_23,costarica,mu1k1,1,1,13.41,0.53,b,130,22,76.5,2223.9,90.93,65,5.4,5.93,193.46445,10778874.207636658,NA,NA,NA,NA,NA,314,380,NA,NA,11.185943810390254,NA,1603,37,2.9,6.32,13.388843999999999,1562767.8122357223,27,1,40,NA,NA,182,259,NA,NA,14.5,250,3.348802422235542,0.4379307251846997,44.274643033320146,costarica,0.36940160911833725,NA,0.36940160911833725,1
costarica_20,costarica,mu1.5k1,1.5,1,20.11,0.53,b,205,30,112.5,2791.8,126.9,45,3.7,5.94,349.5018,3753714.5595670384,NA,NA,NA,NA,NA,379,285,NA,NA,9.207367794095267,NA,825.3,41,3.3,6.24,5.286756,1140398.1332530947,9,0,3,NA,NA,254,129,NA,NA,87,400,2.7714269381448555,0.5123711579395164,43.09406778545404,costarica,0.4385918622413554,NA,0.4385918622413554,1
costarica_8,costarica,mu2k1,2,1,26.82,0.53,a,210,21,109,2723.9,132.8,36,2.9,6.59,619.5714,37337479.622064285,NA,NA,NA,NA,NA,423,376,NA,NA,10.722739919948586,NA,2249,60,4.9,6.07,17.514621000000002,12628853.401580567,22,0,65,NA,NA,296,244,NA,NA,8,300,29.124493676284033,0.7984203372151899,43.03553657457986,costarica,0.3256501182033097,NA,0.3256501182033097,1
costarica_9,costarica,mu2.5k1,2.5,1,33.52,0.53,c,193,24,101,1005,111.1,37,3,5.52,361.6137,25680076.482143763,NA,NA,NA,NA,NA,415,347,NA,NA,14.69741877799307,NA,2937,67,5.6,6.33,24.43902,4899488.276198481,NA,NA,NA,NA,NA,196,253,NA,NA,64,533,29.605304619481505,0.47742847022470664,43.429854864007964,costarica,0.3993021075657095,NA,0.3993021075657095,1
costarica_12,costarica,mu3k1,3,1,40.22,0.53,a,110,20,61,1397.9,121.4,35,2.9,5.55,609.2634,31408945.06530097,NA,NA,NA,NA,NA,547,379,NA,NA,6.363209423303935,NA,1121,100,8.3,4.14,7.770984000000001,2094953.6077538333,63,0,35,NA,NA,434,253,NA,NA,4,379,1.5623584157110495,0.49578327883415774,43.82333201226051,costarica,0.2695175893455789,NA,0.2695175893455789,1
costarica_16,costarica,mu0.1k2,0.1,2,1.34,1.06,c,225,26,120.5,2595.4,93.66,32,2.6,5.67,329.4012,2016623.2923599177,NA,NA,NA,NA,NA,307,340,NA,NA,15.876803129355617,NA,2885,30,2.5,6.17,25.547130000000003,1317793.3984257984,20,0,4,NA,NA,181,140,NA,NA,49,1500,8.395305564540372,0.4031605624839348,43.5364611903621,costarica,0.4993293734431884,NA,0.4993293734431884,1
costarica_13,costarica,mu0.2k2,0.2,2,2.68,1.06,b,165,25,89,2305.5,79.61,66,5.5,5.96,195.55181999999996,2566471.7431137236,NA,NA,NA,NA,NA,423,273,NA,NA,3.359842900824107,NA,1073,37,3,5.71,10.010397000000001,1638794.354452595,34,0,29,NA,NA,278,85,NA,NA,86.5,1200,-1.3486601399656857,0.4912866311613905,43.81746484062475,costarica,0.5157171433767178,NA,0.5157171433767178,1
costarica_32,costarica,mu0.4k2,0.4,2,5.36,1.06,b,210,28,102.6,2311.5,157,47,3.9,5.65,595.0899000000001,29704107.636259682,NA,NA,NA,NA,NA,332,458,NA,NA,10.406067085927228,NA,1559,25,2,6.39,12.76521,7019784.064691273,25,0,10,NA,NA,211,293,NA,NA,59,400,1.4144939624683128,0.40647869483690047,44.02366107040024,costarica,0.3623599200294628,NA,0.3623599200294628,1
costarica_15,costarica,mu0.6k2,0.6,2,8.04,1.06,a,200,25,107.5,3059.6,139,48,4,7.18,546.6423000000001,3147038.1269327076,NA,NA,NA,NA,NA,365,NA,NA,NA,14.500748281074543,NA,2436,60,4.9,6.72,22.325879999999998,751818.0285890773,96,0,52,NA,NA,146,NA,NA,NA,4.5,200,2.253398411478125,0.41101263496232576,42.37061286442356,costarica,0.6,NA,0.6,1
costarica_28,costarica,mu0.8k2,0.8,2,10.73,1.06,b,155,24,91.5,2018.6,86.42,41,3.5,6.73,191.84094000000002,4460223.810056548,NA,NA,NA,NA,NA,282,NA,NA,NA,3.3771271247170525,NA,1171,55,4.5,6.09,10.510334999999998,3176219.9859493594,26,0,18,NA,NA,188,NA,NA,NA,40.5,800,1.7424110492515248,0.3398011270968478,44.38344808457457,costarica,0.3333333333333333,NA,0.3333333333333333,1
costarica_14,costarica,mu1k2,1,2,13.41,1.06,c,170,31,92,1552.2,153.2,49,4.1,5.97,537.1074000000001,14898130.802201543,NA,NA,NA,NA,NA,511,381,NA,NA,13.107405927675424,NA,2990,63,5.2,5.45,27.06756,1123503.3460937897,16,0,20,NA,NA,319,266,NA,NA,34,1500,21.124724991661687,0.4762405719071655,43.98619038178561,costarica,0.33878556276355865,NA,0.33878556276355865,1
costarica_22,costarica,mu1.5k2,1.5,2,20.11,1.06,a,140,28,81,1271.9,115.8,74,6,5.63,536.0766000000001,49501726.37676396,NA,NA,NA,NA,NA,667,314,NA,NA,6.14711385706286,NA,1292,51,4.2,6.18,8.038992,2280796.2665061895,50,0,7,NA,NA,412,215,NA,NA,53,700,-1.4552834872019447,0.4317093273274331,44.30391684757443,costarica,0.3487977348905165,NA,0.3487977348905165,1
costarica_19,costarica,mu2k2,2,2,26.82,1.06,a,155,24,87,1345.7,152.7,20,1.7,5.43,656.4225000000001,15002570.997462934,NA,NA,NA,NA,NA,471,368,NA,NA,6.459812694506284,NA,867,50,4.1,6.09,4.567773,1757057.8645677308,1,0,7,NA,NA,326,248,NA,NA,50.5,500,5.354528407038379,0.4539951501942137,43.84549645441897,costarica,0.31697129142435154,NA,0.31697129142435154,1
costarica_30,costarica,mu2.5k2,2.5,2,33.52,1.06,c,145,29,87.5,4263.1,110.6,66,5.5,6.23,513.9144000000001,1788543.6657092983,NA,NA,NA,NA,NA,424,432,NA,NA,17.416620286465818,NA,3042,40,3.3,7.76,20.52198,1191082.49473101,10,0,19,NA,NA,285,292,NA,NA,46,960,5.378669542261683,0.32545365269266807,43.1844054539381,costarica,0.3259521313766597,NA,0.3259521313766597,1
costarica_2,costarica,mu3k2,3,2,40.22,1.06,b,195,35,98.5,2680.5,131.2,47,3.9,4.82,495.36,40209593.43914615,NA,NA,NA,NA,NA,287,410,NA,NA,11.839497603741245,NA,2076,47,3.8,5.87,17.290422,2170980.149970706,10,0,0,NA,NA,174,290,NA,NA,76,250,4.987381975517298,0.3985277329310971,44.080934851529186,costarica,0.34320557491289194,NA,0.34320557491289194,1
